{
  "images": {
    "title": {
      "image": "mainmenu:modpack.png",
      "posX": -115,
      "posY": -100,
      "width": 260,
      "height": 80,
      "alignment": "center"
    }
  },
  "buttons": {
    "singleplayer": {
      "text": "Singleplayer",
      "posX": -112,
      "posY": -20,
      "width": 110,
      "height": 20,
      "normalTextColor": -1,
      "hoverTextColor": 10526880,
      "alignment": "center",
      "texture": "mainmenu:button.png",
      "action": {
        "type": "openGui",
        "gui": "singleplayer"
      }
    },
    "multiplayer": {
      "text": "Multiplayer",
      "posX": 2,
      "posY": -20,
      "width": 110,
      "height": 20,
      "normalTextColor": -1,
      "hoverTextColor": 10526880,
      "alignment": "center",
      "texture": "mainmenu:button.png",
      "action": {
        "type": "openGui",
        "gui": "multiplayer"
      }
    },
    "options": {
      "text": "Options",
      "posX": -112,
      "posY": 4,
      "width": 110,
      "height": 20,
      "normalTextColor": -1,
      "hoverTextColor": 10526880,
      "alignment": "center",
      "texture": "mainmenu:button.png",
      "action": {
        "type": "openGui",
        "gui": "options"
      }
    },
    "mods": {
      "text": "Mods",
      "posX": 2,
      "posY": 4,
      "width": 110,
      "height": 20,
      "normalTextColor": -1,
      "hoverTextColor": 10526880,
      "alignment": "center",
      "texture": "mainmenu:button.png",
      "action": {
        "type": "openGui",
        "gui": "mods"
      }
    },
    "quit": {
      "text": "Quit",
      "posX": -112,
      "posY": 28,
      "width": 224,
      "height": 20,
      "normalTextColor": -1,
      "hoverTextColor": 10526880,
      "alignment": "center",
      "texture": "mainmenu:button.png",
      "action": {
        "type": "quit"
      }
    },
    "refresh": {
      "text": "",
      "posX": 0,
      "posY": 0,
      "width": 20,
      "height": 20,
      "alignment": "top_left",
      "texture": "mainmenu:refresh.png",
      "action": {
        "type": "refresh"
      }
    }
  },
  "labels": {
    "forge": {
      "text": "Forge #forgeversion#",
      "posX": 2,
      "posY": -13,
      "fontSize": .6,
      "color": -1,
      "hoverColor": -1,
      "alignment": "bottom_left"
    },
    "modsloaded": {
      "text": "#modsloaded# Mods Loaded",
      "posX": 2,
      "posY": -7,
      "fontSize": .6,
      "color": -1,
      "hoverColor": -1,
      "alignment": "bottom_left"
    },
    "minecraft": {
      "text": "Minecraft 1.12.2",
      "posX": -50,
      "posY": -13,
      "fontSize": .6,
      "color": -1,
      "hoverColor": -1,
      "alignment": "bottom_right"
    },
    "mojang": {
      "text": "Copyright Mojang AB",
      "posX": -65,
      "posY": -7,
      "fontSize": .6,
      "color": -1,
      "hoverColor": -1,
      "alignment": "bottom_right"
    }
  },
  "other": {
    "background": {
      "image": "mainmenu:background.png",
      "mode": "stretch"
    }
  }
}