{
"__comment":"Made by Know2Good, part of the 'Default 3D™' resource pack || Official download page: http://www.planetminecraft.com/texture_pack/default-3d-2985741/ || © Know2Good. All rights reserved. ",
"__comment":"No UV-bleed, OK coordinate, OK texture, OK cullface",

"textures": {
    "texture": 	"block/birch_leaves",
	"fruit": 	"block/hay_block_top",
    "particle": "block/birch_leaves"
},
"elements":[
	{
		"__comment":"Fruit peduncle",
		"from":[7.75,-1,7.75],
		"to":[8.25,0,8.25],
		"faces": {
			"up":{"uv":		[8.01,0.01,8.99,0.99],"texture":"#fruit","cullface":"down","tintindex": 0},
			"north":{"uv":	[8.01,0.01,8.99,0.99],"texture":"#fruit","cullface":"down","tintindex": 0},
			"south":{"uv":	[8.01,0.01,8.99,0.99],"texture":"#fruit","cullface":"down","tintindex": 0},
			"west":{"uv":	[8.01,0.01,8.99,0.99],"texture":"#fruit","cullface":"down","tintindex": 0},
			"east":{"uv":	[8.01,0.01,8.99,0.99],"texture":"#fruit","cullface":"down","tintindex": 0}
		}
	},
	{
		"__comment":"Fruit",
		"from":[7.5,-6,7.5],
		"to":[8.5,-1,8.5],
		"faces": {
			"down":{"uv":	[10.01,15.01,10.99,15.99],"texture":"#fruit","cullface":"down"},
			"up":{"uv":		[10.01,11.01,10.99,11.99],"texture":"#fruit","cullface":"down"},
			"north":{"uv":	[10.01,11.01,10.99,15.99],"texture":"#fruit","cullface":"down"},
			"south":{"uv":	[10.01,11.01,10.99,15.99],"texture":"#fruit","cullface":"down"},
			"west":{"uv":	[10.01,11.01,10.99,15.99],"texture":"#fruit","cullface":"down"},
			"east":{"uv":	[10.01,11.01,10.99,15.99],"texture":"#fruit","cullface":"down"}
		}
	},
	{
		"__comment":"Fruit peduncle",
		"from":[9.75,-1,8.75],
		"to":[10.25,0,9.25],
		"faces": {
			"up":{"uv":		[8.01,0.01,8.99,0.99],"texture":"#fruit","cullface":"down","tintindex": 0},
			"north":{"uv":	[8.01,0.01,8.99,0.99],"texture":"#fruit","cullface":"down","tintindex": 0},
			"south":{"uv":	[8.01,0.01,8.99,0.99],"texture":"#fruit","cullface":"down","tintindex": 0},
			"west":{"uv":	[8.01,0.01,8.99,0.99],"texture":"#fruit","cullface":"down","tintindex": 0},
			"east":{"uv":	[8.01,0.01,8.99,0.99],"texture":"#fruit","cullface":"down","tintindex": 0}
		}
	},
	{
		"__comment":"Fruit",
		"from":[9.5,-5,8.5],
		"to":[10.5,-1,9.5],
		"faces": {
			"down":{"uv":	[13.01,10.01,13.99,10.99],"texture":"#fruit","cullface":"down"},
			"up":{"uv":		[13.01,7.01,13.99,7.99],"texture":"#fruit","cullface":"down"},
			"north":{"uv":	[13.01,7.01,13.99,10.99],"texture":"#fruit","cullface":"down"},
			"south":{"uv":	[13.01,7.01,13.99,10.99],"texture":"#fruit","cullface":"down"},
			"west":{"uv":	[13.01,7.01,13.99,10.99],"texture":"#fruit","cullface":"down"},
			"east":{"uv":	[13.01,7.01,13.99,10.99],"texture":"#fruit","cullface":"down"}
		}
	},
	{
		"__comment":"Fruit peduncle",
		"from":[8.75,-1,10.75],
		"to":[9.25,0,11.25],
		"faces": {
			"up":{"uv":		[8.01,0.01,8.99,0.99],"texture":"#fruit","cullface":"down","tintindex": 0},
			"north":{"uv":	[8.01,0.01,8.99,0.99],"texture":"#fruit","cullface":"down","tintindex": 0},
			"south":{"uv":	[8.01,0.01,8.99,0.99],"texture":"#fruit","cullface":"down","tintindex": 0},
			"west":{"uv":	[8.01,0.01,8.99,0.99],"texture":"#fruit","cullface":"down","tintindex": 0},
			"east":{"uv":	[8.01,0.01,8.99,0.99],"texture":"#fruit","cullface":"down","tintindex": 0}
		}
	},
	{
		"__comment":"Fruit",
		"from":[8.5,-4,10.5],
		"to":[9.5,-1,11.5],
		"faces": {
			"down":{"uv":	[15.01,10.01,15.99,10.99],"texture":"#fruit","cullface":"down"},
			"up":{"uv":		[15.01,8.01,15.99,8.99],"texture":"#fruit","cullface":"down"},
			"north":{"uv":	[15.01,8.01,15.99,10.99],"texture":"#fruit","cullface":"down"},
			"south":{"uv":	[15.01,8.01,15.99,10.99],"texture":"#fruit","cullface":"down"},
			"west":{"uv":	[15.01,8.01,15.99,10.99],"texture":"#fruit","cullface":"down"},
			"east":{"uv":	[15.01,8.01,15.99,10.99],"texture":"#fruit","cullface":"down"}
		}
	},
	{
		"__comment":"Block",
		"from":[0,0,0],
		"to":[16,16,16],
		"faces": {
			"down":{"uv":	[0,0,16,16],"texture":"#texture","cullface":"down","tintindex": 0},
			"up":{"uv":		[0,0,16,16],"texture":"#texture","cullface":"up","tintindex": 0},
			"north":{"uv":	[0,0,16,16],"texture":"#texture","cullface":"north","tintindex": 0},
			"south":{"uv":	[0,0,16,16],"texture":"#texture","cullface":"south","tintindex": 0},
			"west":{"uv":	[0,0,16,16],"texture":"#texture","cullface":"west","tintindex": 0},
			"east":{"uv":	[0,0,16,16],"texture":"#texture","cullface":"east","tintindex": 0}
            }
        }
    ]
}