{
"__comment":"Made by Know2Good, part of the 'Default 3D™' resource pack || Official download page: http://www.planetminecraft.com/texture_pack/default-3d-2985741/ || © Know2Good. All rights reserved. ",
"__comment":"No UV-bleed, OK coordinate, OK texture, OK cullface",

"textures": {
    "texture": 	"block/birch_planks",
    "particle": "block/birch_planks"
},
"elements":[
	{
		"__comment":"East bar bottom",
		"from":[10,6,7.5],
		"to":[16,9,8.5],
		"faces": {
			"down":{"uv":	[10.01,9.01,15.99,9.99],"texture":"#texture","cullface":"Know2Good","rotation":180},
			"up":{"uv":		[10.01,7.01,15.99,7.99],"texture":"#texture","cullface":"Know2Good","rotation":180},
			"north":{"uv":	[10.01,7.01,15.99,9.99],"texture":"#texture","cullface":"Know2Good"},
			"south":{"uv":	[15.99,7.01,10.01,9.99],"texture":"#texture","cullface":"Know2Good"}
		}
	},
	{
		"__comment":"East bar bottom bottom",
		"from":[10,6,7],
		"to":[16,8.002,9],
		"faces": {
			"down":{"uv":	[10.01,9.01,15.99,9.99],"texture":"#texture","cullface":"Know2Good","rotation":180},
			"up":{"uv":		[10.01,8.01,15.99,8.99],"texture":"#texture","cullface":"Know2Good","rotation":180},
			"north":{"uv":	[10.01,8.01,15.99,9.99],"texture":"#texture","cullface":"Know2Good"},
			"south":{"uv":	[15.99,8.01,10.01,9.99],"texture":"#texture","cullface":"Know2Good"}
		}
	},
	{
		"__comment":"East bar top",
		"from":[10,12,7.5],
		"to":[16,15,8.5],
		"faces": {
			"down":{"uv":	[10.01,3.01,15.99,3.99],"texture":"#texture","cullface":"Know2Good","rotation":180},
			"up":{"uv":		[10.01,1.01,15.99,1.99],"texture":"#texture","cullface":"Know2Good","rotation":180},
			"north":{"uv":	[10.01,1.01,15.99,3.99],"texture":"#texture","cullface":"Know2Good"},
			"south":{"uv":	[15.99,1.01,10.01,3.99],"texture":"#texture","cullface":"Know2Good"}
		}
	},
	{
		"__comment":"East bar top top",
		"from":[10,12.998,7],
		"to":[16,15,9],
		"faces": {
			"down":{"uv":	[10.01,2.01,15.99,2.99],"texture":"#texture","cullface":"Know2Good","rotation":180},
			"up":{"uv":		[10.01,1.01,15.99,1.99],"texture":"#texture","cullface":"Know2Good","rotation":180},
			"north":{"uv":	[10.01,1.01,15.99,2.99],"texture":"#texture","cullface":"Know2Good"},
			"south":{"uv":	[15.99,1.01,10.01,2.99],"texture":"#texture","cullface":"Know2Good"}
			}
		}
    ]
}