{
"__comment":"Made by Know2Good, part of the 'Default 3D™' resource pack || Official download page: http://www.planetminecraft.com/texture_pack/default-3d-2985741/ || © Know2Good. All rights reserved. ",
"__comment":"No UV-bleed, OK coordinate, OK texture, OK cullface",

"textures": {
	"base": 		"block/brewing_stand_base",
	"instruments": 	"block/brewing_stand",
	"particle":		"block/brewing_stand"
},
"elements":[
	{
		"__comment":"Base north-west (1)",
		"from":[1,0,1],
		"to":[7,2,7],
		"faces": {
			"down":{"uv":	[7.99,1.01,2.01,6.99],"texture":"#base","cullface":"down","rotation":180},
			"up":{"uv":		[2.01,1.01,7.99,6.99],"texture":"#base","cullface":"Know2Good"},
			"north":{"uv":	[2.01,2.99,7.99,1.01],"texture":"#base","cullface":"Know2Good","rotation":180},
			"south":{"uv":	[2.01,6.99,7.99,5.01],"texture":"#base","cullface":"Know2Good"},
			"west":{"uv":	[3.99,1.01,2.01,6.99],"texture":"#base","cullface":"Know2Good","rotation":270},
			"east":{"uv":	[7.99,1.01,5.01,6.99],"texture":"#base","cullface":"Know2Good","rotation":90}
		}
	},
	{
		"__comment":"Base south-west (2)",
		"from":[1,0,9],
		"to":[7,2,15],
		"faces": {
			"down":{"uv":	[7.99,9.01,2.01,14.99],"texture":"#base","cullface":"down","rotation":180},
			"up":{"uv":		[2.01,9.01,7.99,14.99],"texture":"#base","cullface":"Know2Good"},
			"north":{"uv":	[2.01,10.99,7.99,9.01],"texture":"#base","cullface":"Know2Good","rotation":180},
			"south":{"uv":	[2.01,14.99,7.99,13.01],"texture":"#base","cullface":"Know2Good"},
			"west":{"uv":	[3.99,9.01,2.01,14.99],"texture":"#base","cullface":"Know2Good","rotation":270},
			"east":{"uv":	[7.99,9.01,6.01,14.99],"texture":"#base","cullface":"Know2Good","rotation":90}
		}
	},
	{
		"__comment":"Base south-east (3)",
		"from":[9,0,9],
		"to":[15,2,15],
		"faces": {
			"down":{"uv":	[14.01,5.01,9.01,10.99],"texture":"#base","cullface":"down","rotation":180},
			"up":{"uv":		[9.01,5.01,14.99,10.99],"texture":"#base","cullface":"Know2Good"},
			"north":{"uv":	[9.01,6.99,14.99,5.01],"texture":"#base","cullface":"Know2Good","rotation":180},
			"south":{"uv":	[9.01,10.99,14.99,9.01],"texture":"#base","cullface":"Know2Good"},
			"west":{"uv":	[10.99,5.01,9.01,10.99],"texture":"#base","cullface":"Know2Good","rotation":270},
			"east":{"uv":	[14.99,5.01,13.01,10.99],"texture":"#base","cullface":"Know2Good","rotation":90}
		}
	},
	{
		"__comment":"Base north-east (Not Used)",
		"from":[9,0,1],
		"to":[15,2,7],
		"faces": {
			"down":{"uv":	[7.99,9.01,2.01,14.99],"texture":"#base","cullface":"down"},
			"up":{"uv":		[2.01,9.01,7.99,14.99],"texture":"#base","cullface":"Know2Good","rotation":180},
			"north":{"uv":	[2.01,14.99,7.99,13.01],"texture":"#base","cullface":"Know2Good"},
			"south":{"uv":	[2.01,10.99,7.99,9.01],"texture":"#base","cullface":"Know2Good","rotation":180},
			"west":{"uv":	[7.99,9.01,6.01,14.99],"texture":"#base","cullface":"Know2Good","rotation":90},
			"east":{"uv":	[3.99,9.01,2.01,14.99],"texture":"#base","cullface":"Know2Good","rotation":270}
		}
	},
	{
		"__comment":"Main support",
		"from":[7,0,7],
		"to":[9,12,9],
		"faces": {
			"down":{"uv":	[7.01,14.01,8.99,15.99],"texture":"#instruments","cullface":"down"},
			"north":{"uv":	[8.99,4.01,7.01,15.99],"texture":"#instruments","cullface":"Know2Good"},
			"south":{"uv":	[8.99,4.01,7.01,15.99],"texture":"#instruments","cullface":"Know2Good"},
			"west":{"uv":	[7.01,4.01,8.99,15.99],"texture":"#instruments","cullface":"Know2Good"},
			"east":{"uv":	[7.01,4.01,8.99,15.99],"texture":"#instruments","cullface":"Know2Good"}
		}
	},
	{
		"__comment":"Main top",
		"from":[7.5,13,7.5],
		"to":[8.5,13.5,8.5],
		"faces": {
			"up":{"uv":		[8.01,4.01,8.99,4.99],"texture":"#instruments","cullface":"Know2Good"},
			"north":{"uv":	[8.01,4.01,8.99,4.99],"texture":"#instruments","cullface":"Know2Good"},
			"south":{"uv":	[8.01,4.01,8.99,4.99],"texture":"#instruments","cullface":"Know2Good"},
			"west":{"uv":	[8.01,4.01,8.99,4.99],"texture":"#instruments","cullface":"Know2Good"},
			"east":{"uv":	[8.01,4.01,8.99,4.99],"texture":"#instruments","cullface":"Know2Good"}
		}
	},
	{
		"__comment":"Support-main north-south top",
		"from":[7.5,12,3],
		"to":[8.5,13,13],
		"faces": {
			"down":{"uv":	[3.01,2.01,12.99,2.99],"texture":"#instruments","cullface":"Know2Good","rotation":270},
			"up":{"uv":		[3.01,2.01,12.99,2.99],"texture":"#instruments","cullface":"Know2Good","rotation":90},
			"north":{"uv":	[3.01,2.01,3.99,2.99],"texture":"#instruments","cullface":"Know2Good"},
			"south":{"uv":	[12.01,2.01,12.99,2.99],"texture":"#instruments","cullface":"Know2Good"},
			"west":{"uv":	[3.01,2.01,12.99,2.99],"texture":"#instruments","cullface":"Know2Good"},
			"east":{"uv":	[12.99,2.01,3.01,2.99],"texture":"#instruments","cullface":"Know2Good"}
		}
	},
	{
		"__comment":"Support-main north-south bottom",
		"from":[7,11,3],
		"to":[9,12,13],
		"faces": {
			"down":{"uv":	[3.01,2.01,12.99,2.99],"texture":"#instruments","cullface":"Know2Good","rotation":270},
			"up":{"uv":		[3.01,2.01,12.99,2.99],"texture":"#instruments","cullface":"Know2Good","rotation":90},
			"north":{"uv":	[3.01,2.01,3.99,2.99],"texture":"#instruments","cullface":"Know2Good"},
			"south":{"uv":	[12.01,2.01,12.99,2.99],"texture":"#instruments","cullface":"Know2Good"},
			"west":{"uv":	[3.01,2.01,12.99,2.99],"texture":"#instruments","cullface":"Know2Good"},
			"east":{"uv":	[12.99,2.01,3.01,2.99],"texture":"#instruments","cullface":"Know2Good"}
		}
	},
	{
		"__comment":"Support-main east-west ends north top detail",
		"from":[7.25,16.01,1.75],
		"to":[8.75,16.5,3.25],
		"faces": {
			"down":{"uv":	[8.01,4.01,8.99,4.99],"texture":"#instruments","cullface":"Know2Good"},
			"up":{"uv":		[8.01,4.01,8.99,4.99],"texture":"#instruments","cullface":"Know2Good"},
			"north":{"uv":	[8.01,4.01,8.99,4.99],"texture":"#instruments","cullface":"Know2Good"},
			"south":{"uv":	[8.01,4.01,8.99,4.99],"texture":"#instruments","cullface":"Know2Good"},
			"west":{"uv":	[8.01,4.01,8.99,4.99],"texture":"#instruments","cullface":"Know2Good"},
			"east":{"uv":	[8.01,4.01,8.99,4.99],"texture":"#instruments","cullface":"Know2Good"}
		}
	},
	{
		"__comment":"Support-main east-west ends north top",
		"from":[7.5,13,2],
		"to":[8.5,16.01,3],
		"faces": {
			"down":{"uv":	[12.01,2.01,12.99,2.99],"texture":"#instruments","cullface":"Know2Good"},
			"up":{"uv":		[12.01,0.01,12.99,0.99],"texture":"#instruments","cullface":"Know2Good"},
			"north":{"uv":	[12.01,0.01,12.99,2.99],"texture":"#instruments","cullface":"Know2Good"},
			"south":{"uv":	[12.01,0.01,12.99,2.99],"texture":"#instruments","cullface":"Know2Good"},
			"west":{"uv":	[12.01,0.01,12.99,2.99],"texture":"#instruments","cullface":"Know2Good"},
			"east":{"uv":	[12.01,0.01,12.99,2.99],"texture":"#instruments","cullface":"Know2Good"}
		}
	},
	{
		"__comment":"Support-main east-west ends north middle",
		"from":[7.25,12,1.75],
		"to":[8.75,13.004,3.25],
		"faces": {
			"down":{"uv":	[12.01,3.01,12.99,3.99],"texture":"#instruments","cullface":"Know2Good"},
			"up":{"uv":		[12.01,3.01,12.99,3.99],"texture":"#instruments","cullface":"Know2Good"},
			"north":{"uv":	[12.01,3.01,12.99,3.99],"texture":"#instruments","cullface":"Know2Good"},
			"south":{"uv":	[12.01,3.01,12.99,3.99],"texture":"#instruments","cullface":"Know2Good"},
			"west":{"uv":	[12.01,3.01,12.99,3.99],"texture":"#instruments","cullface":"Know2Good"},
			"east":{"uv":	[12.01,3.01,12.99,3.99],"texture":"#instruments","cullface":"Know2Good"}
		}
	},
	{
		"__comment":"Support-main east-west ends south top detail",
		"from":[7.25,16.01,12.75],
		"to":[8.75,16.5,14.25],
		"faces": {
			"down":{"uv":	[8.01,4.01,8.99,4.99],"texture":"#instruments","cullface":"Know2Good"},
			"up":{"uv":		[8.01,4.01,8.99,4.99],"texture":"#instruments","cullface":"Know2Good"},
			"north":{"uv":	[8.01,4.01,8.99,4.99],"texture":"#instruments","cullface":"Know2Good"},
			"south":{"uv":	[8.01,4.01,8.99,4.99],"texture":"#instruments","cullface":"Know2Good"},
			"west":{"uv":	[8.01,4.01,8.99,4.99],"texture":"#instruments","cullface":"Know2Good"},
			"east":{"uv":	[8.01,4.01,8.99,4.99],"texture":"#instruments","cullface":"Know2Good"}
		}
	},
	{
		"__comment":"Support-main east-west ends south top",
		"from":[7.5,13,13],
		"to":[8.5,16.01,14],
		"faces": {
			"down":{"uv":	[12.01,2.01,12.99,2.99],"texture":"#instruments","cullface":"Know2Good"},
			"up":{"uv":		[12.01,0.01,12.99,0.99],"texture":"#instruments","cullface":"Know2Good"},
			"north":{"uv":	[12.01,0.01,12.99,2.99],"texture":"#instruments","cullface":"Know2Good"},
			"south":{"uv":	[12.01,0.01,12.99,2.99],"texture":"#instruments","cullface":"Know2Good"},
			"west":{"uv":	[12.01,0.01,12.99,2.99],"texture":"#instruments","cullface":"Know2Good"},
			"east":{"uv":	[12.01,0.01,12.99,2.99],"texture":"#instruments","cullface":"Know2Good"}
		}
	},
	{
		"__comment":"Support-main east-west ends south middle",
		"from":[7.25,12,12.75],
		"to":[8.75,13.004,14.25],
		"faces": {
			"down":{"uv":	[12.01,3.01,12.99,3.99],"texture":"#instruments","cullface":"Know2Good"},
			"up":{"uv":		[12.01,3.01,12.99,3.99],"texture":"#instruments","cullface":"Know2Good"},
			"north":{"uv":	[12.01,3.01,12.99,3.99],"texture":"#instruments","cullface":"Know2Good"},
			"south":{"uv":	[12.01,3.01,12.99,3.99],"texture":"#instruments","cullface":"Know2Good"},
			"west":{"uv":	[12.01,3.01,12.99,3.99],"texture":"#instruments","cullface":"Know2Good"},
			"east":{"uv":	[12.01,3.01,12.99,3.99],"texture":"#instruments","cullface":"Know2Good"}
		}
	},
	{
		"__comment":"Support-main east-west top",
		"from":[3,12,7.5],
		"to":[13,13,8.5],
		"faces": {
			"down":{"uv":	[3.01,2.01,12.99,2.99],"texture":"#instruments","cullface":"Know2Good"},
			"up":{"uv":		[3.01,2.01,12.99,2.99],"texture":"#instruments","cullface":"Know2Good"},
			"north":{"uv":	[3.01,2.01,12.99,2.99],"texture":"#instruments","cullface":"Know2Good"},
			"south":{"uv":	[12.99,2.01,3.01,2.99],"texture":"#instruments","cullface":"Know2Good"},
			"west":{"uv":	[12.01,2.01,12.99,2.99],"texture":"#instruments","cullface":"Know2Good"},
			"east":{"uv":	[3.01,2.01,3.99,2.99],"texture":"#instruments","cullface":"Know2Good"}
		}
	},
	{
		"__comment":"Support-main east-west bottom",
		"from":[3,11,7],
		"to":[13,12,9],
		"faces": {
			"down":{"uv":	[3.01,2.01,12.99,2.99],"texture":"#instruments","cullface":"Know2Good"},
			"up":{"uv":		[3.01,2.01,12.99,2.99],"texture":"#instruments","cullface":"Know2Good"},
			"north":{"uv":	[3.01,2.01,12.99,2.99],"texture":"#instruments","cullface":"Know2Good"},
			"south":{"uv":	[12.99,2.01,3.01,2.99],"texture":"#instruments","cullface":"Know2Good"},
			"west":{"uv":	[12.01,2.01,12.99,2.99],"texture":"#instruments","cullface":"Know2Good"},
			"east":{"uv":	[3.01,2.01,3.99,2.99],"texture":"#instruments","cullface":"Know2Good"}
		}
	},
	{
		"__comment":"Support-main east-west ends west top detail",
		"from":[1.75,16.01,7.25],
		"to":[3.25,16.5,8.75],
		"faces": {
			"down":{"uv":	[8.01,4.01,8.99,4.99],"texture":"#instruments","cullface":"Know2Good"},
			"up":{"uv":		[8.01,4.01,8.99,4.99],"texture":"#instruments","cullface":"Know2Good"},
			"north":{"uv":	[8.01,4.01,8.99,4.99],"texture":"#instruments","cullface":"Know2Good"},
			"south":{"uv":	[8.01,4.01,8.99,4.99],"texture":"#instruments","cullface":"Know2Good"},
			"west":{"uv":	[8.01,4.01,8.99,4.99],"texture":"#instruments","cullface":"Know2Good"},
			"east":{"uv":	[8.01,4.01,8.99,4.99],"texture":"#instruments","cullface":"Know2Good"}
		}
	},
	{
		"__comment":"Support-main east-west ends west top",
		"from":[2,13,7.5],
		"to":[3,16.01,8.5],
		"faces": {
			"down":{"uv":	[12.01,2.01,12.99,2.99],"texture":"#instruments","cullface":"Know2Good"},
			"up":{"uv":		[12.01,0.01,12.99,0.99],"texture":"#instruments","cullface":"Know2Good"},
			"north":{"uv":	[12.01,0.01,12.99,2.99],"texture":"#instruments","cullface":"Know2Good"},
			"south":{"uv":	[12.01,0.01,12.99,2.99],"texture":"#instruments","cullface":"Know2Good"},
			"west":{"uv":	[12.01,0.01,12.99,2.99],"texture":"#instruments","cullface":"Know2Good"},
			"east":{"uv":	[12.01,0.01,12.99,2.99],"texture":"#instruments","cullface":"Know2Good"}
		}
	},
	{
		"__comment":"Support-main east-west ends west middle",
		"from":[1.75,12,7.25],
		"to":[3.25,13.004,8.75],
		"faces": {
			"down":{"uv":	[12.01,3.01,12.99,3.99],"texture":"#instruments","cullface":"Know2Good"},
			"up":{"uv":		[12.01,3.01,12.99,3.99],"texture":"#instruments","cullface":"Know2Good"},
			"north":{"uv":	[12.01,3.01,12.99,3.99],"texture":"#instruments","cullface":"Know2Good"},
			"south":{"uv":	[12.01,3.01,12.99,3.99],"texture":"#instruments","cullface":"Know2Good"},
			"west":{"uv":	[12.01,3.01,12.99,3.99],"texture":"#instruments","cullface":"Know2Good"},
			"east":{"uv":	[12.01,3.01,12.99,3.99],"texture":"#instruments","cullface":"Know2Good"}
		}
	},
	{
		"__comment":"Support-main east-west ends east top detail",
		"from":[12.75,16.01,7.25],
		"to":[14.25,16.5,8.75],
		"faces": {
			"down":{"uv":	[8.01,4.01,8.99,4.99],"texture":"#instruments","cullface":"Know2Good"},
			"up":{"uv":		[8.01,4.01,8.99,4.99],"texture":"#instruments","cullface":"Know2Good"},
			"north":{"uv":	[8.01,4.01,8.99,4.99],"texture":"#instruments","cullface":"Know2Good"},
			"south":{"uv":	[8.01,4.01,8.99,4.99],"texture":"#instruments","cullface":"Know2Good"},
			"west":{"uv":	[8.01,4.01,8.99,4.99],"texture":"#instruments","cullface":"Know2Good"},
			"east":{"uv":	[8.01,4.01,8.99,4.99],"texture":"#instruments","cullface":"Know2Good"}
		}
	},
	{
		"__comment":"Support-main east-west ends east top",
		"from":[13,13,7.5],
		"to":[14,16.01,8.5],
		"faces": {
			"down":{"uv":	[12.01,2.01,12.99,2.99],"texture":"#instruments","cullface":"Know2Good"},
			"up":{"uv":		[12.01,0.01,12.99,0.99],"texture":"#instruments","cullface":"Know2Good"},
			"north":{"uv":	[12.01,0.01,12.99,2.99],"texture":"#instruments","cullface":"Know2Good"},
			"south":{"uv":	[12.01,0.01,12.99,2.99],"texture":"#instruments","cullface":"Know2Good"},
			"west":{"uv":	[12.01,0.01,12.99,2.99],"texture":"#instruments","cullface":"Know2Good"},
			"east":{"uv":	[12.01,0.01,12.99,2.99],"texture":"#instruments","cullface":"Know2Good"}
		}
	},
	{
		"__comment":"Support-main east-west ends east middle",
		"from":[12.75,12,7.25],
		"to":[14.25,13.004,8.75],
		"faces": {
			"down":{"uv":	[12.01,3.01,12.99,3.99],"texture":"#instruments","cullface":"Know2Good"},
			"up":{"uv":		[12.01,3.01,12.99,3.99],"texture":"#instruments","cullface":"Know2Good"},
			"north":{"uv":	[12.01,3.01,12.99,3.99],"texture":"#instruments","cullface":"Know2Good"},
			"south":{"uv":	[12.01,3.01,12.99,3.99],"texture":"#instruments","cullface":"Know2Good"},
			"west":{"uv":	[12.01,3.01,12.99,3.99],"texture":"#instruments","cullface":"Know2Good"},
			"east":{"uv":	[12.01,3.01,12.99,3.99],"texture":"#instruments","cullface":"Know2Good"}
		}
	},
	{
		"__comment":"Support-main east-west ends east hose",
		"from":[13,7,7.5],
		"to":[14,12,8.5],
		"faces": {
			"down":{"uv":	[12.01,8.01,12.99,8.99],"texture":"#instruments","cullface":"Know2Good"},
			"north":{"uv":	[12.01,4.01,12.99,8.99],"texture":"#instruments","cullface":"Know2Good"},
			"south":{"uv":	[12.01,4.01,12.99,8.99],"texture":"#instruments","cullface":"Know2Good"},
			"west":{"uv":	[12.01,4.01,12.99,8.99],"texture":"#instruments","cullface":"Know2Good"},
			"east":{"uv":	[12.01,4.01,12.99,8.99],"texture":"#instruments","cullface":"Know2Good"}
		}
	},
	{
		"__comment":"Bottle north-west (1) Bottom",
		"from":[2.5,2,2.5],
		"to":[5.5,3,5.5],
		"faces": {
			"north":{"uv":	[1.01,12.01,3.99,12.99],"texture":"#instruments","cullface":"Know2Good","rotation":180},
			"south":{"uv":	[1.01,12.01,3.99,12.99],"texture":"#instruments","cullface":"Know2Good"},
			"west":{"uv":	[1.01,12.01,3.99,12.99],"texture":"#instruments","cullface":"Know2Good","rotation":180},
			"east":{"uv":	[1.01,12.01,3.99,12.99],"texture":"#instruments","cullface":"Know2Good"}
		}
	},
	{
		"__comment":"Bottle north-west (1) North",
		"from":[2.5,3,1.5],
		"to":[5.5,6,2.5],
		"faces": {
			"down":{"uv":	[3.99,12.01,1.01,12.99],"texture":"#instruments","cullface":"Know2Good"},
			"up":{"uv":		[3.99,10.01,1.01,10.99],"texture":"#instruments","cullface":"Know2Good"},
			"north":{"uv":	[3.99,10.01,1.01,12.99],"texture":"#instruments","cullface":"Know2Good"},
			"west":{"uv":	[1.01,10.01,1.99,12.99],"texture":"#instruments","cullface":"Know2Good"},
			"east":{"uv":	[3.01,10.01,3.99,12.99],"texture":"#instruments","cullface":"Know2Good"}
		}
	},
	{
		"__comment":"Bottle north-west (1) East",
		"from":[5.5,3,2.5],
		"to":[6.5,6,5.5],
		"faces": {
			"down":{"uv":	[1.01,12.01,3.99,12.99],"texture":"#instruments","cullface":"Know2Good","rotation":270},
			"up":{"uv":		[1.01,10.01,3.99,10.99],"texture":"#instruments","cullface":"Know2Good","rotation":90},
			"north":{"uv":	[3.01,10.01,3.99,12.99],"texture":"#instruments","cullface":"Know2Good"},
			"south":{"uv":	[1.01,10.01,1.99,12.99],"texture":"#instruments","cullface":"Know2Good"},
			"east":{"uv":	[1.01,10.01,3.99,12.99],"texture":"#instruments","cullface":"Know2Good"}
		}
	},
	{
		"__comment":"Bottle north-west (1) South",
		"from":[2.5,3,5.5],
		"to":[5.5,6,6.5],
		"faces": {
			"down":{"uv":	[1.01,12.01,3.99,12.99],"texture":"#instruments","cullface":"Know2Good"},
			"up":{"uv":		[1.01,10.01,3.99,10.99],"texture":"#instruments","cullface":"Know2Good"},
			"south":{"uv":	[3.99,10.01,1.01,12.99],"texture":"#instruments","cullface":"Know2Good"},
			"west":{"uv":	[3.01,10.01,3.99,12.99],"texture":"#instruments","cullface":"Know2Good"},
			"east":{"uv":	[1.01,10.01,1.99,12.99],"texture":"#instruments","cullface":"Know2Good"}
		}
	},
	{
		"__comment":"Bottle north-west (1) West",
		"from":[1.5,3,2.5],
		"to":[2.5,6,5.5],
		"faces": {
			"down":{"uv":	[3.99,12.01,1.01,12.99],"texture":"#instruments","cullface":"Know2Good","rotation":270},
			"up":{"uv":		[3.99,10.01,1.01,10.99],"texture":"#instruments","cullface":"Know2Good","rotation":90},
			"north":{"uv":	[1.01,10.01,1.99,12.99],"texture":"#instruments","cullface":"Know2Good"},
			"south":{"uv":	[3.01,10.01,3.99,12.99],"texture":"#instruments","cullface":"Know2Good"},
			"west":{"uv":	[1.01,10.01,3.99,12.99],"texture":"#instruments","cullface":"Know2Good"}
		}
	},
	{
		"__comment":"Bottle north-west (1) top",
		"from":[2.5,6,2.5],
		"to":[5.5,7,5.5],
		"faces": {
			"up":{"uv":		[1.01,10.01,3.99,12.99],"texture":"#instruments","cullface":"Know2Good","rotation":270},
			"north":{"uv":	[3.01,10.01,3.99,12.99],"texture":"#instruments","cullface":"Know2Good","rotation":90},
			"south":{"uv":	[1.01,10.01,1.99,12.99],"texture":"#instruments","cullface":"Know2Good","rotation":270},
			"west":{"uv":	[1.01,10.01,3.99,10.99],"texture":"#instruments","cullface":"Know2Good","rotation":180},
			"east":{"uv":	[1.01,12.01,3.99,12.99],"texture":"#instruments","cullface":"Know2Good"}
		}
	},
	{
		"__comment":"Bottle north-west (1) Cap north-south",
		"from":[3.5,7,3],
		"to":[4.5,8,5],
		"faces": {
			"up":{"uv":		[1.01,9.01,1.99,9.99],"texture":"#instruments","cullface":"Know2Good"},
			"north":{"uv":	[1.01,9.01,1.99,9.99],"texture":"#instruments","cullface":"Know2Good"},
			"south":{"uv":	[1.01,9.01,1.99,9.99],"texture":"#instruments","cullface":"Know2Good"},
			"west":{"uv":	[1.01,9.01,1.99,9.99],"texture":"#instruments","cullface":"Know2Good"},
			"east":{"uv":	[1.01,9.01,1.99,9.99],"texture":"#instruments","cullface":"Know2Good"}
		}
	},
	{
		"__comment":"Bottle north-west (1) Cap east-west",
		"from":[3,7,3.5],
		"to":[5,8,4.5],
		"faces": {
			"up":{"uv":		[1.01,9.01,1.99,9.99],"texture":"#instruments","cullface":"Know2Good"},
			"north":{"uv":	[1.01,9.01,1.99,9.99],"texture":"#instruments","cullface":"Know2Good"},
			"south":{"uv":	[1.01,9.01,1.99,9.99],"texture":"#instruments","cullface":"Know2Good"},
			"west":{"uv":	[1.01,9.01,1.99,9.99],"texture":"#instruments","cullface":"Know2Good"},
			"east":{"uv":	[1.01,9.01,1.99,9.99],"texture":"#instruments","cullface":"Know2Good"}
		}
	},
	{
		"__comment":"Bottle north-west (1) Hose cap to support 1",
		"from":[3.5,8,3.5],
		"to":[4.5,9,4.5],
		"faces": {
			"down":{"uv":	[12.01,8.01,12.99,8.99],"texture":"#instruments","cullface":"Know2Good"},
			"up":{"uv":		[12.01,8.01,12.99,8.99],"texture":"#instruments","cullface":"Know2Good"},
			"north":{"uv":	[12.01,8.01,12.99,8.99],"texture":"#instruments","cullface":"Know2Good"},
			"south":{"uv":	[12.01,8.01,12.99,8.99],"texture":"#instruments","cullface":"Know2Good"},
			"west":{"uv":	[12.01,8.01,12.99,8.99],"texture":"#instruments","cullface":"Know2Good"},
			"east":{"uv":	[12.01,8.01,12.99,8.99],"texture":"#instruments","cullface":"Know2Good"}
		}
	},
	{
		"__comment":"Bottle north-west (1) Hose cap to support 2",
		"from":[3.5,9,2.5],
		"to":[4.5,10,3.5],
		"faces": {
			"down":{"uv":	[12.01,7.01,12.99,7.99],"texture":"#instruments","cullface":"Know2Good"},
			"up":{"uv":		[12.01,7.01,12.99,7.99],"texture":"#instruments","cullface":"Know2Good"},
			"north":{"uv":	[12.01,7.01,12.99,7.99],"texture":"#instruments","cullface":"Know2Good"},
			"south":{"uv":	[12.01,7.01,12.99,7.99],"texture":"#instruments","cullface":"Know2Good"},
			"west":{"uv":	[12.01,7.01,12.99,7.99],"texture":"#instruments","cullface":"Know2Good"},
			"east":{"uv":	[12.01,7.01,12.99,7.99],"texture":"#instruments","cullface":"Know2Good"}
		}
	},
	{
		"__comment":"Bottle north-west (1) Hose cap to support 3",
		"from":[4.5,10,2],
		"to":[6.5,11,3],
		"faces": {
			"down":{"uv":	[12.01,6.01,12.99,6.99],"texture":"#instruments","cullface":"Know2Good"},
			"up":{"uv":		[12.01,6.01,12.99,6.99],"texture":"#instruments","cullface":"Know2Good"},
			"north":{"uv":	[12.01,6.01,12.99,6.99],"texture":"#instruments","cullface":"Know2Good"},
			"south":{"uv":	[12.01,6.01,12.99,6.99],"texture":"#instruments","cullface":"Know2Good"},
			"west":{"uv":	[12.01,6.01,12.99,6.99],"texture":"#instruments","cullface":"Know2Good"},
			"east":{"uv":	[12.01,6.01,12.99,6.99],"texture":"#instruments","cullface":"Know2Good"}
		}
	},
	{
		"__comment":"Bottle north-west (1) Hose cap to support 4",
		"from":[6.5,11,2],
		"to":[7.5,12,3],
		"faces": {
			"down":{"uv":	[12.01,5.01,12.99,5.99],"texture":"#instruments","cullface":"Know2Good"},
			"up":{"uv":		[12.01,5.01,12.99,5.99],"texture":"#instruments","cullface":"Know2Good"},
			"north":{"uv":	[12.01,5.01,12.99,5.99],"texture":"#instruments","cullface":"Know2Good"},
			"south":{"uv":	[12.01,5.01,12.99,5.99],"texture":"#instruments","cullface":"Know2Good"},
			"west":{"uv":	[12.01,5.01,12.99,5.99],"texture":"#instruments","cullface":"Know2Good"},
			"east":{"uv":	[12.01,5.01,12.99,5.99],"texture":"#instruments","cullface":"Know2Good"}
		}
	},
	{
		"__comment":"Bottle north-west (1) Hose cap to support 5",
		"from":[7.5,11,2],
		"to":[8.5,12,3],
		"faces": {
			"down":{"uv":	[12.01,4.01,12.99,4.99],"texture":"#instruments","cullface":"Know2Good"},
			"up":{"uv":		[12.01,4.01,12.99,4.99],"texture":"#instruments","cullface":"Know2Good"},
			"north":{"uv":	[12.01,4.01,12.99,4.99],"texture":"#instruments","cullface":"Know2Good"},
			"south":{"uv":	[12.01,4.01,12.99,4.99],"texture":"#instruments","cullface":"Know2Good"},
			"west":{"uv":	[12.01,4.01,12.99,4.99],"texture":"#instruments","cullface":"Know2Good"},
			"east":{"uv":	[12.01,4.01,12.99,4.99],"texture":"#instruments","cullface":"Know2Good"}
		}
	},
	{
		"__comment":"Support-main east-west ends west hose",
		"from":[2,7,7.5],
		"to":[3,12,8.5],
		"faces": {
			"down":{"uv":	[12.01,8.01,12.99,8.99],"texture":"#instruments","cullface":"Know2Good"},
			"north":{"uv":	[12.01,4.01,12.99,8.99],"texture":"#instruments","cullface":"Know2Good"},
			"south":{"uv":	[12.01,4.01,12.99,8.99],"texture":"#instruments","cullface":"Know2Good"},
			"west":{"uv":	[12.01,4.01,12.99,8.99],"texture":"#instruments","cullface":"Know2Good"},
			"east":{"uv":	[12.01,4.01,12.99,8.99],"texture":"#instruments","cullface":"Know2Good"}
		}
	},
	{
		"__comment":"Bottle north-west (3) Bottom",
		"from":[10.5,2,10.5],
		"to":[13.5,3,13.5],
		"faces": {
			"north":{"uv":	[1.01,12.01,3.99,12.99],"texture":"#instruments","cullface":"Know2Good","rotation":180},
			"south":{"uv":	[1.01,12.01,3.99,12.99],"texture":"#instruments","cullface":"Know2Good"},
			"west":{"uv":	[1.01,12.01,3.99,12.99],"texture":"#instruments","cullface":"Know2Good","rotation":180},
			"east":{"uv":	[1.01,12.01,3.99,12.99],"texture":"#instruments","cullface":"Know2Good"}
		}
	},
	{
		"__comment":"Bottle north-west (3) North",
		"from":[10.5,3,9.5],
		"to":[13.5,6,10.5],
		"faces": {
			"down":{"uv":	[3.99,12.01,1.01,12.99],"texture":"#instruments","cullface":"Know2Good"},
			"up":{"uv":		[3.99,10.01,1.01,10.99],"texture":"#instruments","cullface":"Know2Good"},
			"north":{"uv":	[3.99,10.01,1.01,12.99],"texture":"#instruments","cullface":"Know2Good"},
			"west":{"uv":	[1.01,10.01,1.99,12.99],"texture":"#instruments","cullface":"Know2Good"},
			"east":{"uv":	[3.01,10.01,3.99,12.99],"texture":"#instruments","cullface":"Know2Good"}
		}
	},
	{
		"__comment":"Bottle north-west (3) East",
		"from":[13.5,3,10.5],
		"to":[14.5,6,13.5],
		"faces": {
			"down":{"uv":	[1.01,12.01,3.99,12.99],"texture":"#instruments","cullface":"Know2Good","rotation":270},
			"up":{"uv":		[1.01,10.01,3.99,10.99],"texture":"#instruments","cullface":"Know2Good","rotation":90},
			"north":{"uv":	[3.01,10.01,3.99,12.99],"texture":"#instruments","cullface":"Know2Good"},
			"south":{"uv":	[1.01,10.01,1.99,12.99],"texture":"#instruments","cullface":"Know2Good"},
			"east":{"uv":	[1.01,10.01,3.99,12.99],"texture":"#instruments","cullface":"Know2Good"}
		}
	},
	{
		"__comment":"Bottle north-west (3) South",
		"from":[10.5,3,13.5],
		"to":[13.5,6,14.5],
		"faces": {
			"down":{"uv":	[1.01,12.01,3.99,12.99],"texture":"#instruments","cullface":"Know2Good"},
			"up":{"uv":		[1.01,10.01,3.99,10.99],"texture":"#instruments","cullface":"Know2Good"},
			"south":{"uv":	[3.99,10.01,1.01,12.99],"texture":"#instruments","cullface":"Know2Good"},
			"west":{"uv":	[3.01,10.01,3.99,12.99],"texture":"#instruments","cullface":"Know2Good"},
			"east":{"uv":	[1.01,10.01,1.99,12.99],"texture":"#instruments","cullface":"Know2Good"}
		}
	},
	{
		"__comment":"Bottle north-west (3) West",
		"from":[9.5,3,10.5],
		"to":[10.5,6,13.5],
		"faces": {
			"down":{"uv":	[3.99,12.01,1.01,12.99],"texture":"#instruments","cullface":"Know2Good","rotation":270},
			"up":{"uv":		[3.99,10.01,1.01,10.99],"texture":"#instruments","cullface":"Know2Good","rotation":90},
			"north":{"uv":	[1.01,10.01,1.99,12.99],"texture":"#instruments","cullface":"Know2Good"},
			"south":{"uv":	[3.01,10.01,3.99,12.99],"texture":"#instruments","cullface":"Know2Good"},
			"west":{"uv":	[1.01,10.01,3.99,12.99],"texture":"#instruments","cullface":"Know2Good"}
		}
	},
	{
		"__comment":"Bottle north-west (3) top",
		"from":[10.5,6,10.5],
		"to":[13.5,7,13.5],
		"faces": {
			"up":{"uv":		[1.01,10.01,3.99,12.99],"texture":"#instruments","cullface":"Know2Good","rotation":90},
			"north":{"uv":	[1.01,10.01,1.99,12.99],"texture":"#instruments","cullface":"Know2Good","rotation":270},
			"south":{"uv":	[3.01,10.01,3.99,12.99],"texture":"#instruments","cullface":"Know2Good","rotation":90},
			"west":{"uv":	[1.01,12.01,3.99,12.99],"texture":"#instruments","cullface":"Know2Good"},
			"east":{"uv":	[1.01,10.01,3.99,10.99],"texture":"#instruments","cullface":"Know2Good","rotation":180}
		}
	},
	{
		"__comment":"Bottle north-west (3) Cap north-south",
		"from":[11.5,7,11],
		"to":[12.5,8,13],
		"faces": {
			"up":{"uv":		[1.01,9.01,1.99,9.99],"texture":"#instruments","cullface":"Know2Good"},
			"north":{"uv":	[1.01,9.01,1.99,9.99],"texture":"#instruments","cullface":"Know2Good"},
			"south":{"uv":	[1.01,9.01,1.99,9.99],"texture":"#instruments","cullface":"Know2Good"},
			"west":{"uv":	[1.01,9.01,1.99,9.99],"texture":"#instruments","cullface":"Know2Good"},
			"east":{"uv":	[1.01,9.01,1.99,9.99],"texture":"#instruments","cullface":"Know2Good"}
		}
	},
	{
		"__comment":"Bottle north-west (3) Cap east-west",
		"from":[11,7,11.5],
		"to":[13,8,12.5],
		"faces": {
			"up":{"uv":		[1.01,9.01,1.99,9.99],"texture":"#instruments","cullface":"Know2Good"},
			"north":{"uv":	[1.01,9.01,1.99,9.99],"texture":"#instruments","cullface":"Know2Good"},
			"south":{"uv":	[1.01,9.01,1.99,9.99],"texture":"#instruments","cullface":"Know2Good"},
			"west":{"uv":	[1.01,9.01,1.99,9.99],"texture":"#instruments","cullface":"Know2Good"},
			"east":{"uv":	[1.01,9.01,1.99,9.99],"texture":"#instruments","cullface":"Know2Good"}
		}
	},
	{
		"__comment":"Bottle north-west (3) Hose cap to support 1",
		"from":[11.5,8,11.5],
		"to":[12.5,9,12.5],
		"faces": {
			"down":{"uv":	[12.01,8.01,12.99,8.99],"texture":"#instruments","cullface":"Know2Good"},
			"up":{"uv":		[12.01,8.01,12.99,8.99],"texture":"#instruments","cullface":"Know2Good"},
			"north":{"uv":	[12.01,8.01,12.99,8.99],"texture":"#instruments","cullface":"Know2Good"},
			"south":{"uv":	[12.01,8.01,12.99,8.99],"texture":"#instruments","cullface":"Know2Good"},
			"west":{"uv":	[12.01,8.01,12.99,8.99],"texture":"#instruments","cullface":"Know2Good"},
			"east":{"uv":	[12.01,8.01,12.99,8.99],"texture":"#instruments","cullface":"Know2Good"}
		}
	},
	{
		"__comment":"Bottle north-west (3) Hose cap to support 2",
		"from":[11.5,9,12.5],
		"to":[12.5,10,13.5],
		"faces": {
			"down":{"uv":	[12.01,7.01,12.99,7.99],"texture":"#instruments","cullface":"Know2Good"},
			"up":{"uv":		[12.01,7.01,12.99,7.99],"texture":"#instruments","cullface":"Know2Good"},
			"north":{"uv":	[12.01,7.01,12.99,7.99],"texture":"#instruments","cullface":"Know2Good"},
			"south":{"uv":	[12.01,7.01,12.99,7.99],"texture":"#instruments","cullface":"Know2Good"},
			"west":{"uv":	[12.01,7.01,12.99,7.99],"texture":"#instruments","cullface":"Know2Good"},
			"east":{"uv":	[12.01,7.01,12.99,7.99],"texture":"#instruments","cullface":"Know2Good"}
		}
	},
	{
		"__comment":"Bottle north-west (3) Hose cap to support 3",
		"from":[9.5,10,13],
		"to":[11.5,11,14],
		"faces": {
			"down":{"uv":	[12.01,6.01,12.99,6.99],"texture":"#instruments","cullface":"Know2Good"},
			"up":{"uv":		[12.01,6.01,12.99,6.99],"texture":"#instruments","cullface":"Know2Good"},
			"north":{"uv":	[12.01,6.01,12.99,6.99],"texture":"#instruments","cullface":"Know2Good"},
			"south":{"uv":	[12.01,6.01,12.99,6.99],"texture":"#instruments","cullface":"Know2Good"},
			"west":{"uv":	[12.01,6.01,12.99,6.99],"texture":"#instruments","cullface":"Know2Good"},
			"east":{"uv":	[12.01,6.01,12.99,6.99],"texture":"#instruments","cullface":"Know2Good"}
		}
	},
	{
		"__comment":"Bottle north-west (3) Hose cap to support 4",
		"from":[8.5,11,13],
		"to":[9.5,12,14],
		"faces": {
			"down":{"uv":	[12.01,5.01,12.99,5.99],"texture":"#instruments","cullface":"Know2Good"},
			"up":{"uv":		[12.01,5.01,12.99,5.99],"texture":"#instruments","cullface":"Know2Good"},
			"north":{"uv":	[12.01,5.01,12.99,5.99],"texture":"#instruments","cullface":"Know2Good"},
			"south":{"uv":	[12.01,5.01,12.99,5.99],"texture":"#instruments","cullface":"Know2Good"},
			"west":{"uv":	[12.01,5.01,12.99,5.99],"texture":"#instruments","cullface":"Know2Good"},
			"east":{"uv":	[12.01,5.01,12.99,5.99],"texture":"#instruments","cullface":"Know2Good"}
		}
	},
	{
		"__comment":"Bottle north-west (3) Hose cap to support 5",
		"from":[7.5,11,13],
		"to":[8.5,12,14],
		"faces": {
			"down":{"uv":	[12.01,4.01,12.99,4.99],"texture":"#instruments","cullface":"Know2Good"},
			"up":{"uv":		[12.01,4.01,12.99,4.99],"texture":"#instruments","cullface":"Know2Good"},
			"north":{"uv":	[12.01,4.01,12.99,4.99],"texture":"#instruments","cullface":"Know2Good"},
			"south":{"uv":	[12.01,4.01,12.99,4.99],"texture":"#instruments","cullface":"Know2Good"},
			"west":{"uv":	[12.01,4.01,12.99,4.99],"texture":"#instruments","cullface":"Know2Good"},
			"east":{"uv":	[12.01,4.01,12.99,4.99],"texture":"#instruments","cullface":"Know2Good"}
		}
	},
	{
		"__comment":"Bottle north-west (3) Hose cap to support 5",
		"from":[7.5,11,13],
		"to":[8.5,12,14],
		"faces": {
			"down":{"uv":	[12.01,4.01,12.99,4.99],"texture":"#instruments","cullface":"Know2Good"},
			"up":{"uv":		[12.01,4.01,12.99,4.99],"texture":"#instruments","cullface":"Know2Good"},
			"north":{"uv":	[12.01,4.01,12.99,4.99],"texture":"#instruments","cullface":"Know2Good"},
			"south":{"uv":	[12.01,4.01,12.99,4.99],"texture":"#instruments","cullface":"Know2Good"},
			"west":{"uv":	[12.01,4.01,12.99,4.99],"texture":"#instruments","cullface":"Know2Good"},
			"east":{"uv":	[12.01,4.01,12.99,4.99],"texture":"#instruments","cullface":"Know2Good"}
            }
        }
    ]
}