{
"__comment":"Made by Know2Good, part of the 'Default 3D™' resource pack || Official download page: http://www.planetminecraft.com/texture_pack/default-3d-2985741/ || © Know2Good. All rights reserved. ",
"__comment":"No UV-bleed, OK coordinate, OK texture, OK cullface",

"textures": {
	"block": 	"block/dirt",
	"particle":	"block/dirt"
},
"elements":[
	{
		"__comment": "Stalk",
        "from": [7,0,7],
        "to": [9,5,9],
		"faces": {
			"north":{"uv":	[8.01,14.01,8.99,15.99],"texture":"#block","cullface":"Know2Good"},
			"south":{"uv":	[7.01,14.01,7.99,15.99],"texture":"#block","cullface":"Know2Good"},
			"west":{"uv":	[7.01,14.01,7.99,15.99],"texture":"#block","cullface":"Know2Good"},
			"east":{"uv":	[8.01,14.01,8.99,15.99],"texture":"#block","cullface":"Know2Good"}
		}
	},
	{
		"__comment": "Cap north",
        "from": [5,2,4],
        "to": [11,5,5],
		"faces": {
			"up":{"uv":		[5.01,11.01,10.99,11.99],"texture":"#block","cullface":"Know2Good","rotation":180},
			"down":{"uv":	[5.01,13.01,10.99,13.99],"texture":"#block","cullface":"Know2Good","rotation":180},
			"north":{"uv":	[5.01,11.01,10.99,13.99],"texture":"#block","cullface":"Know2Good"},
			"south":{"uv":	[5.01,11.01,10.99,13.99],"texture":"#block","cullface":"Know2Good"},
			"west":{"uv":	[10.01,11.01,10.99,13.99],"texture":"#block","cullface":"Know2Good"},
			"east":{"uv":	[5.01,11.01,5.99,13.99],"texture":"#block","cullface":"Know2Good"}
		}
	},
	{
		"__comment": "Cap east",
        "from": [11,2,5],
        "to": [12,5,11],
		"faces": {
			"up":{"uv":		[5.01,11.01,10.99,11.99],"texture":"#block","cullface":"Know2Good","rotation":270},
			"down":{"uv":	[5.01,13.01,10.99,13.99],"texture":"#block","cullface":"Know2Good","rotation":90},
			"north":{"uv":	[10.01,11.01,10.99,13.99],"texture":"#block","cullface":"Know2Good"},
			"south":{"uv":	[5.01,11.01,5.99,13.99],"texture":"#block","cullface":"Know2Good"},
			"west":{"uv":	[5.01,11.01,10.99,13.99],"texture":"#block","cullface":"Know2Good"},
			"east":{"uv":	[5.01,11.01,10.99,13.99],"texture":"#block","cullface":"Know2Good"}
		}
	},
	{
		"__comment": "Cap south",
        "from": [5,2,11],
        "to": [11,5,12],
		"faces": {
			"up":{"uv":		[5.01,11.01,10.99,11.99],"texture":"#block","cullface":"Know2Good"},
			"down":{"uv":	[5.01,13.01,10.99,13.99],"texture":"#block","cullface":"Know2Good"},
			"north":{"uv":	[5.01,11.01,10.99,13.99],"texture":"#block","cullface":"Know2Good"},
			"south":{"uv":	[5.01,11.01,10.99,13.99],"texture":"#block","cullface":"Know2Good"},
			"west":{"uv":	[5.01,11.01,5.99,13.99],"texture":"#block","cullface":"Know2Good"},
			"east":{"uv":	[10.01,11.01,10.99,13.99],"texture":"#block","cullface":"Know2Good"}
		}
	},
	{
		"__comment": "Cap west",
        "from": [4,2,5],
        "to": [5,5,11],
		"faces": {
			"up":{"uv":		[5.01,11.01,10.99,11.99],"texture":"#block","cullface":"Know2Good","rotation":90},
			"down":{"uv":	[5.01,13.01,10.99,13.99],"texture":"#block","cullface":"Know2Good","rotation":270},
			"north":{"uv":	[5.01,11.01,5.99,13.99],"texture":"#block","cullface":"Know2Good"},
			"south":{"uv":	[10.01,11.01,10.99,13.99],"texture":"#block","cullface":"Know2Good"},
			"west":{"uv":	[5.01,11.01,10.99,13.99],"texture":"#block","cullface":"Know2Good"},
			"east":{"uv":	[5.01,11.01,10.99,13.99],"texture":"#block","cullface":"Know2Good"}
		}
	},
	{
		"__comment": "Cap top",
        "from": [5,5,5],
        "to": [11,6,11],
		"faces": {
			"up":{"uv":		[6.01,10.01,9.99,13.99],"texture":"#block","cullface":"Know2Good"},
			"north":{"uv":	[6.01,10.01,9.99,10.99],"texture":"#block","cullface":"Know2Good","rotation":180},
			"south":{"uv":	[6.01,13.01,9.99,13.99],"texture":"#block","cullface":"Know2Good"},
			"west":{"uv":	[6.01,10.01,6.99,13.99],"texture":"#block","cullface":"Know2Good","rotation":270},
			"east":{"uv":	[9.01,10.01,9.99,13.99],"texture":"#block","cullface":"Know2Good","rotation":90}
            }
        }
    ]
}