{
"__comment":"Made by Know2Good, part of the 'Default 3D™' resource pack || Official download page: http://www.planetminecraft.com/texture_pack/default-3d-2985741/ || © Know2Good. All rights reserved. ",
    "variants": {
        "": [
            { "model": "block/netherrack", "weight": 59 },
            { "model": "block/netherrack", "y": 90, "weight": 62 },
            { "model": "block/netherrack", "y": 180, "weight": 60 },
			{ "model": "block/netherrack", "y": 270, "weight": 61 },
			
			{ "model": "block/netherrack_alt1", "weight": 59 },
            { "model": "block/netherrack_alt1", "y": 90, "weight": 62 },
            { "model": "block/netherrack_alt1", "y": 180, "weight": 60 },
			{ "model": "block/netherrack_alt1", "y": 270, "weight": 61 },
			
			{ "model": "block/netherrack_alt2", "weight": 59 },
            { "model": "block/netherrack_alt2", "y": 90, "weight": 62 },
            { "model": "block/netherrack_alt2", "y": 180, "weight": 60 },
			{ "model": "block/netherrack_alt2", "y": 270, "weight": 61 },
			
			{ "model": "block/netherrack_alt3", "weight": 59 },
            { "model": "block/netherrack_alt3", "y": 90, "weight": 62 },
            { "model": "block/netherrack_alt3", "y": 180, "weight": 60 },
			{ "model": "block/netherrack_alt3", "y": 270, "weight": 61 },
			
			{ "model": "block/netherrack_alt4", "weight": 59 },
            { "model": "block/netherrack_alt4", "y": 90, "weight": 62 },
            { "model": "block/netherrack_alt4", "y": 180, "weight": 60 },
			{ "model": "block/netherrack_alt4", "y": 270, "weight": 61 },
			
			{ "model": "block/netherrack_alt5", "weight": 59 },
            { "model": "block/netherrack_alt5", "y": 90, "weight": 62 },
            { "model": "block/netherrack_alt5", "y": 180, "weight": 60 },
			{ "model": "block/netherrack_alt5", "y": 270, "weight": 61 },
			
			{ "model": "block/netherrack_alt6", "weight": 59 },
            { "model": "block/netherrack_alt6", "y": 90, "weight": 62 },
            { "model": "block/netherrack_alt6", "y": 180, "weight": 60 },
			{ "model": "block/netherrack_alt6", "y": 270, "weight": 61 },
			
			{ "model": "block/netherrack_alt7", "weight": 59 },
            { "model": "block/netherrack_alt7", "y": 90, "weight": 62 },
            { "model": "block/netherrack_alt7", "y": 180, "weight": 60 },
			{ "model": "block/netherrack_alt7", "y": 270, "weight": 61 },
			
			{ "model": "block/netherrack_alt8", "weight": 59 },
            { "model": "block/netherrack_alt8", "y": 90, "weight": 62 },
            { "model": "block/netherrack_alt8", "y": 180, "weight": 60 },
			{ "model": "block/netherrack_alt8", "y": 270, "weight": 61 },
			
			{ "model": "block/netherrack_alt9", "weight": 59 },
            { "model": "block/netherrack_alt9", "y": 90, "weight": 62 },
            { "model": "block/netherrack_alt9", "y": 180, "weight": 60 },
			{ "model": "block/netherrack_alt9", "y": 270, "weight": 61 },
			
			{ "model": "block/netherrack_alt10", "weight": 59 },
            { "model": "block/netherrack_alt10", "y": 90, "weight": 62 },
            { "model": "block/netherrack_alt10", "y": 180, "weight": 60 },
			{ "model": "block/netherrack_alt10", "y": 270, "weight": 61 },
			
			{ "model": "block/netherrack_alt11", "weight": 59 },
            { "model": "block/netherrack_alt11", "y": 90, "weight": 62 },
            { "model": "block/netherrack_alt11", "y": 180, "weight": 60 },
			{ "model": "block/netherrack_alt11", "y": 270, "weight": 61 },
			
			{ "model": "block/netherrack_alt12", "weight": 59 },
            { "model": "block/netherrack_alt12", "y": 90, "weight": 62 },
            { "model": "block/netherrack_alt12", "y": 180, "weight": 60 },
			{ "model": "block/netherrack_alt12", "y": 270, "weight": 61 },
			
			{ "model": "block/netherrack_alt13", "weight": 59 },
            { "model": "block/netherrack_alt13", "y": 90, "weight": 62 },
            { "model": "block/netherrack_alt13", "y": 180, "weight": 60 },
			{ "model": "block/netherrack_alt13", "y": 270, "weight": 61 },
			
			{ "model": "block/netherrack_alt14", "weight": 59 },
            { "model": "block/netherrack_alt14", "y": 90, "weight": 62 },
            { "model": "block/netherrack_alt14", "y": 180, "weight": 60 },
			{ "model": "block/netherrack_alt14", "y": 270, "weight": 61 },
			
			{ "model": "block/netherrack_alt15", "weight": 59 },
            { "model": "block/netherrack_alt15", "y": 90, "weight": 62 },
            { "model": "block/netherrack_alt15", "y": 180, "weight": 60 },
			{ "model": "block/netherrack_alt15", "y": 270, "weight": 61 },
			
			{ "model": "block/netherrack_alt16", "weight": 59 },
            { "model": "block/netherrack_alt16", "y": 90, "weight": 62 },
            { "model": "block/netherrack_alt16", "y": 180, "weight": 60 },
			{ "model": "block/netherrack_alt16", "y": 270, "weight": 61 },
			
			{ "model": "block/netherrack_alt17", "weight": 59 },
            { "model": "block/netherrack_alt17", "y": 90, "weight": 62 },
            { "model": "block/netherrack_alt17", "y": 180, "weight": 60 },
			{ "model": "block/netherrack_alt17", "y": 270, "weight": 61 },
			
			{ "model": "block/netherrack_alt18", "weight": 59 },
            { "model": "block/netherrack_alt18", "y": 90, "weight": 62 },
            { "model": "block/netherrack_alt18", "y": 180, "weight": 60 },
			{ "model": "block/netherrack_alt18", "y": 270, "weight": 61 },
			
			{ "model": "block/netherrack_alt19", "weight": 59 },
            { "model": "block/netherrack_alt19", "y": 90, "weight": 62 },
            { "model": "block/netherrack_alt19", "y": 180, "weight": 60 },
			{ "model": "block/netherrack_alt19", "y": 270, "weight": 61 },
			
			{ "model": "block/netherrack_alt20", "weight": 59 },
            { "model": "block/netherrack_alt20", "y": 90, "weight": 62 },
            { "model": "block/netherrack_alt20", "y": 180, "weight": 60 },
			{ "model": "block/netherrack_alt20", "y": 270, "weight": 61 },
			
			{ "model": "block/netherrack_alt21", "weight": 59 },
            { "model": "block/netherrack_alt21", "y": 90, "weight": 62 },
            { "model": "block/netherrack_alt21", "y": 180, "weight": 60 },
			{ "model": "block/netherrack_alt21", "y": 270, "weight": 61 },
			
			{ "model": "block/netherrack_alt22", "weight": 59 },
            { "model": "block/netherrack_alt22", "y": 90, "weight": 62 },
            { "model": "block/netherrack_alt22", "y": 180, "weight": 60 },
			{ "model": "block/netherrack_alt22", "y": 270, "weight": 61 },
			
			{ "model": "block/netherrack_alt23", "weight": 59 },
            { "model": "block/netherrack_alt23", "y": 90, "weight": 62 },
            { "model": "block/netherrack_alt23", "y": 180, "weight": 60 },
			{ "model": "block/netherrack_alt23", "y": 270, "weight": 61 },
			
			{ "model": "block/netherrack_alt24", "weight": 59 },
            { "model": "block/netherrack_alt24", "y": 90, "weight": 62 },
            { "model": "block/netherrack_alt24", "y": 180, "weight": 60 },
			{ "model": "block/netherrack_alt24", "y": 270, "weight": 61 },
			
			{ "model": "block/netherrack_alt25", "weight": 59 },
            { "model": "block/netherrack_alt25", "y": 90, "weight": 62 },
            { "model": "block/netherrack_alt25", "y": 180, "weight": 60 },
			{ "model": "block/netherrack_alt25", "y": 270, "weight": 61 },
			
			{ "model": "block/netherrack_alt26", "weight": 59 },
            { "model": "block/netherrack_alt26", "y": 90, "weight": 62 },
            { "model": "block/netherrack_alt26", "y": 180, "weight": 60 },
			{ "model": "block/netherrack_alt26", "y": 270, "weight": 61 },
			
			{ "model": "block/netherrack_alt27", "weight": 59 },
            { "model": "block/netherrack_alt27", "y": 90, "weight": 62 },
            { "model": "block/netherrack_alt27", "y": 180, "weight": 60 },
			{ "model": "block/netherrack_alt27", "y": 270, "weight": 61 },
			
			{ "model": "block/netherrack_bone_white", "weight": 3 },
            { "model": "block/netherrack_bone_white", "y": 90, "weight": 6 },
            { "model": "block/netherrack_bone_white", "y": 180, "weight": 4 },
			{ "model": "block/netherrack_bone_white", "y": 270, "weight": 5 },
			
			{ "model": "block/netherrack_bone_white_alt1", "weight": 3 },
            { "model": "block/netherrack_bone_white_alt1", "y": 90, "weight": 6 },
            { "model": "block/netherrack_bone_white_alt1", "y": 180, "weight": 4 },
			{ "model": "block/netherrack_bone_white_alt1", "y": 270, "weight": 5 },
			
			{ "model": "block/netherrack_bone_white_alt2", "weight": 3 },
            { "model": "block/netherrack_bone_white_alt2", "y": 90, "weight": 6 },
            { "model": "block/netherrack_bone_white_alt2", "y": 180, "weight": 4 },
			{ "model": "block/netherrack_bone_white_alt2", "y": 270, "weight": 5 },
			
			{ "model": "block/netherrack_bone_white_alt3", "weight": 3 },
            { "model": "block/netherrack_bone_white_alt3", "y": 90, "weight": 6 },
            { "model": "block/netherrack_bone_white_alt3", "y": 180, "weight": 4 },
			{ "model": "block/netherrack_bone_white_alt3", "y": 270, "weight": 5 },
			
			{ "model": "block/netherrack_bone_white_alt4", "weight": 3 },
            { "model": "block/netherrack_bone_white_alt4", "y": 90, "weight": 6 },
            { "model": "block/netherrack_bone_white_alt4", "y": 180, "weight": 4 },
			{ "model": "block/netherrack_bone_white_alt4", "y": 270, "weight": 5 },
			
			{ "model": "block/netherrack_bone_white_alt5", "weight": 3 },
            { "model": "block/netherrack_bone_white_alt5", "y": 90, "weight": 6 },
            { "model": "block/netherrack_bone_white_alt5", "y": 180, "weight": 4 },
			{ "model": "block/netherrack_bone_white_alt5", "y": 270, "weight": 5 },
			
			{ "model": "block/netherrack_bone_black", "weight": 3 },
            { "model": "block/netherrack_bone_black", "y": 90, "weight": 6 },
            { "model": "block/netherrack_bone_black", "y": 180, "weight": 4 },
			{ "model": "block/netherrack_bone_black", "y": 270, "weight": 5 },
			
			{ "model": "block/netherrack_bone_black_alt1", "weight": 3 },
            { "model": "block/netherrack_bone_black_alt1", "y": 90, "weight": 6 },
            { "model": "block/netherrack_bone_black_alt1", "y": 180, "weight": 4 },
			{ "model": "block/netherrack_bone_black_alt1", "y": 270, "weight": 5 },
			
			{ "model": "block/netherrack_bone_black_alt2", "weight": 3 },
            { "model": "block/netherrack_bone_black_alt2", "y": 90, "weight": 6 },
            { "model": "block/netherrack_bone_black_alt2", "y": 180, "weight": 4 },
			{ "model": "block/netherrack_bone_black_alt2", "y": 270, "weight": 5 },
			
			{ "model": "block/netherrack_bone_black_alt3", "weight": 3 },
            { "model": "block/netherrack_bone_black_alt3", "y": 90, "weight": 6 },
            { "model": "block/netherrack_bone_black_alt3", "y": 180, "weight": 4 },
			{ "model": "block/netherrack_bone_black_alt3", "y": 270, "weight": 5 },
			
			{ "model": "block/netherrack_bone_black_alt4", "weight": 3 },
            { "model": "block/netherrack_bone_black_alt4", "y": 90, "weight": 6 },
            { "model": "block/netherrack_bone_black_alt4", "y": 180, "weight": 4 },
			{ "model": "block/netherrack_bone_black_alt4", "y": 270, "weight": 5 },
			
			{ "model": "block/netherrack_bone_black_alt5", "weight": 3 },
            { "model": "block/netherrack_bone_black_alt5", "y": 90, "weight": 6 },
            { "model": "block/netherrack_bone_black_alt5", "y": 180, "weight": 4 },
			{ "model": "block/netherrack_bone_black_alt5", "y": 270, "weight": 5 }
        ]
    }
}

