{
"__comment":"Made by Know2Good, part of the 'Default 3D' resource pack || Official download page: http://www.planetminecraft.com/texture_pack/default-3d-2981741/ || © Know2Good. All rights reserved. ",
	"variants": {
        "": [
            { "model": "block/wool/pink/0", "weight": 8 },
            { "model": "block/wool/pink/0", "x": 90, "weight": 11 },
			{ "model": "block/wool/pink/0", "y": 90, "weight": 11 },
            { "model": "block/wool/pink/0", "x": 180, "weight": 9 },
			{ "model": "block/wool/pink/0", "y": 180, "weight": 9 },
			{ "model": "block/wool/pink/0", "x": 270, "weight": 10 },
			{ "model": "block/wool/pink/0", "y": 270, "weight": 10 },
			
            { "model": "block/wool/pink/1", "weight": 8 },
            { "model": "block/wool/pink/1", "x": 90, "weight": 11 },
			{ "model": "block/wool/pink/1", "y": 90, "weight": 11 },
            { "model": "block/wool/pink/1", "x": 180, "weight": 9 },
			{ "model": "block/wool/pink/1", "y": 180, "weight": 9 },
			{ "model": "block/wool/pink/1", "x": 270, "weight": 10 },
			{ "model": "block/wool/pink/1", "y": 270, "weight": 10 },
			
            { "model": "block/wool/pink/2", "weight": 8 },
            { "model": "block/wool/pink/2", "x": 90, "weight": 11 },
			{ "model": "block/wool/pink/2", "y": 90, "weight": 11 },
            { "model": "block/wool/pink/2", "x": 180, "weight": 9 },
			{ "model": "block/wool/pink/2", "y": 180, "weight": 9 },
			{ "model": "block/wool/pink/2", "x": 270, "weight": 10 },
			{ "model": "block/wool/pink/2", "y": 270, "weight": 10 },
			
            { "model": "block/wool/pink/3", "weight": 8 },
            { "model": "block/wool/pink/3", "x": 90, "weight": 11 },
			{ "model": "block/wool/pink/3", "y": 90, "weight": 11 },
            { "model": "block/wool/pink/3", "x": 180, "weight": 9 },
			{ "model": "block/wool/pink/3", "y": 180, "weight": 9 },
			{ "model": "block/wool/pink/3", "x": 270, "weight": 10 },
			{ "model": "block/wool/pink/3", "y": 270, "weight": 10 },
			
            { "model": "block/wool/pink/4", "weight": 8 },
            { "model": "block/wool/pink/4", "x": 90, "weight": 11 },
			{ "model": "block/wool/pink/4", "y": 90, "weight": 11 },
            { "model": "block/wool/pink/4", "x": 180, "weight": 9 },
			{ "model": "block/wool/pink/4", "y": 180, "weight": 9 },
			{ "model": "block/wool/pink/4", "x": 270, "weight": 10 },
			{ "model": "block/wool/pink/4", "y": 270, "weight": 10 },
			
            { "model": "block/wool/pink/5", "weight": 8 },
            { "model": "block/wool/pink/5", "x": 90, "weight": 11 },
			{ "model": "block/wool/pink/5", "y": 90, "weight": 11 },
            { "model": "block/wool/pink/5", "x": 180, "weight": 9 },
			{ "model": "block/wool/pink/5", "y": 180, "weight": 9 },
			{ "model": "block/wool/pink/5", "x": 270, "weight": 10 },
			{ "model": "block/wool/pink/5", "y": 270, "weight": 10 },
			
			{ "model": "block/wool/pink/6", "weight": 8 },
            { "model": "block/wool/pink/6", "x": 90, "weight": 11 },
			{ "model": "block/wool/pink/6", "y": 90, "weight": 11 },
            { "model": "block/wool/pink/6", "x": 180, "weight": 9 },
			{ "model": "block/wool/pink/6", "y": 180, "weight": 9 },
			{ "model": "block/wool/pink/6", "x": 270, "weight": 10 },
			{ "model": "block/wool/pink/6", "y": 270, "weight": 10 },
			
			{ "model": "block/wool/pink/7", "weight": 8 },
            { "model": "block/wool/pink/7", "x": 90, "weight": 11 },
			{ "model": "block/wool/pink/7", "y": 90, "weight": 11 },
            { "model": "block/wool/pink/7", "x": 180, "weight": 9 },
			{ "model": "block/wool/pink/7", "y": 180, "weight": 9 },
			{ "model": "block/wool/pink/7", "x": 270, "weight": 10 },
			{ "model": "block/wool/pink/7", "y": 270, "weight": 10 },
			
			{ "model": "block/wool/pink/8", "weight": 8 },
            { "model": "block/wool/pink/8", "x": 90, "weight": 11 },
			{ "model": "block/wool/pink/8", "y": 90, "weight": 11 },
            { "model": "block/wool/pink/8", "x": 180, "weight": 9 },
			{ "model": "block/wool/pink/8", "y": 180, "weight": 9 },
			{ "model": "block/wool/pink/8", "x": 270, "weight": 10 },
			{ "model": "block/wool/pink/8", "y": 270, "weight": 10 },
			
			{ "model": "block/wool/pink/9", "weight": 8 },
            { "model": "block/wool/pink/9", "x": 90, "weight": 11 },
			{ "model": "block/wool/pink/9", "y": 90, "weight": 11 },
            { "model": "block/wool/pink/9", "x": 180, "weight": 9 },
			{ "model": "block/wool/pink/9", "y": 180, "weight": 9 },
			{ "model": "block/wool/pink/9", "x": 270, "weight": 10 },
			{ "model": "block/wool/pink/9", "y": 270, "weight": 10 },
			
			{ "model": "block/wool/pink/10", "weight": 8 },
            { "model": "block/wool/pink/10", "x": 90, "weight": 11 },
			{ "model": "block/wool/pink/10", "y": 90, "weight": 11 },
            { "model": "block/wool/pink/10", "x": 180, "weight": 9 },
			{ "model": "block/wool/pink/10", "y": 180, "weight": 9 },
			{ "model": "block/wool/pink/10", "x": 270, "weight": 10 },
			{ "model": "block/wool/pink/10", "y": 270, "weight": 10 },
			
			{ "model": "block/wool/pink/11", "weight": 8 },
            { "model": "block/wool/pink/11", "x": 90, "weight": 11 },
			{ "model": "block/wool/pink/11", "y": 90, "weight": 11 },
            { "model": "block/wool/pink/11", "x": 180, "weight": 9 },
			{ "model": "block/wool/pink/11", "y": 180, "weight": 9 },
			{ "model": "block/wool/pink/11", "x": 270, "weight": 10 },
			{ "model": "block/wool/pink/11", "y": 270, "weight": 10 },
			
			{ "model": "block/wool/pink/12", "weight": 8 },
            { "model": "block/wool/pink/12", "x": 90, "weight": 11 },
			{ "model": "block/wool/pink/12", "y": 90, "weight": 11 },
            { "model": "block/wool/pink/12", "x": 180, "weight": 9 },
			{ "model": "block/wool/pink/12", "y": 180, "weight": 9 },
			{ "model": "block/wool/pink/12", "x": 270, "weight": 10 },
			{ "model": "block/wool/pink/12", "y": 270, "weight": 10 },
			
			{ "model": "block/wool/pink/13", "weight": 8 },
            { "model": "block/wool/pink/13", "x": 90, "weight": 11 },
			{ "model": "block/wool/pink/13", "y": 90, "weight": 11 },
            { "model": "block/wool/pink/13", "x": 180, "weight": 9 },
			{ "model": "block/wool/pink/13", "y": 180, "weight": 9 },
			{ "model": "block/wool/pink/13", "x": 270, "weight": 10 },
			{ "model": "block/wool/pink/13", "y": 270, "weight": 10 }
        ]
    }
}

