{
"__comment":"Made by Know2Good, part of the 'Default 3D' resource pack || Official download page: http://www.planetminecraft.com/texture_pack/default-3d-2985741/ || © Know2Good. All rights reserved. ",
    "variants": {
            "powered=false,shape=north_south":[ { "model": "block/rail/powered/off/flat/0", "weight": 1 },
								{ 	"model": "block/rail/powered/off/flat/1", "weight": 1 },
								{ 	"model": "block/rail/powered/off/flat/2", "weight": 1 },
								{ 	"model": "block/rail/powered/off/flat/3", "weight": 1 },
								{ 	"model": "block/rail/powered/off/flat/4", "weight": 1 },
								{ 	"model": "block/rail/powered/off/flat/5", "weight": 1 },
								{ 	"model": "block/rail/powered/off/flat/6", "weight": 1 },
								{ 	"model": "block/rail/powered/off/flat/7", "weight": 1 },
								{ 	"model": "block/rail/powered/off/flat/8", "weight": 1 },
								{ 	"model": "block/rail/powered/off/flat/9", "weight": 1 },
								{ 	"model": "block/rail/powered/off/flat/10", "weight": 1 },
								{ 	"model": "block/rail/powered/off/flat/11", "weight": 1 },
								{ 	"model": "block/rail/powered/off/flat/12", "weight": 1 },
								{ 	"model": "block/rail/powered/off/flat/13", "weight": 1 },
								{ 	"model": "block/rail/powered/off/flat/14", "weight": 1 },
								{ 	"model": "block/rail/powered/off/flat/15", "weight": 1 },
								{ 	"model": "block/rail/powered/off/flat/16", "weight": 1 },
								{ 	"model": "block/rail/powered/off/flat/17", "weight": 1 }],
            "powered=false,shape=east_west":[ { 	"model": "block/rail/powered/off/flat/0", "y": 90 , "weight": 1 },
								{ 	"model": "block/rail/powered/off/flat/1", "y": 90 , "weight": 1 },
								{ 	"model": "block/rail/powered/off/flat/2", "y": 90 , "weight": 1 },
								{ 	"model": "block/rail/powered/off/flat/3", "y": 90 , "weight": 1 },
								{ 	"model": "block/rail/powered/off/flat/4", "y": 90 , "weight": 1 },
								{ 	"model": "block/rail/powered/off/flat/5", "y": 90 , "weight": 1 },
								{ 	"model": "block/rail/powered/off/flat/6", "y": 90 , "weight": 1 },
								{ 	"model": "block/rail/powered/off/flat/7", "y": 90 , "weight": 1 },
								{ 	"model": "block/rail/powered/off/flat/8", "y": 90 , "weight": 1 },
								{ 	"model": "block/rail/powered/off/flat/9", "y": 90 , "weight": 1 },
								{ 	"model": "block/rail/powered/off/flat/10", "y": 90 , "weight": 1 },
								{ 	"model": "block/rail/powered/off/flat/11", "y": 90 , "weight": 1 },
								{ 	"model": "block/rail/powered/off/flat/12", "y": 90 , "weight": 1 },
								{ 	"model": "block/rail/powered/off/flat/13", "y": 90 , "weight": 1 },
								{ 	"model": "block/rail/powered/off/flat/14", "y": 90 , "weight": 1 },
								{ 	"model": "block/rail/powered/off/flat/15", "y": 90 , "weight": 1 },
								{ 	"model": "block/rail/powered/off/flat/16", "y": 90 , "weight": 1 },
								{ 	"model": "block/rail/powered/off/flat/17", "y": 90 , "weight": 1 }],
            "powered=false,shape=ascending_east":[ { "model": "block/rail/powered/off/ne/0", "y": 90 , "weight": 1 },
								{ 	"model": "block/rail/powered/off/raised/ne/1", "y": 90 , "weight": 1 },
								{ 	"model": "block/rail/powered/off/raised/ne/2", "y": 90 , "weight": 1 },
								{ 	"model": "block/rail/powered/off/raised/ne/3", "y": 90 , "weight": 1 },
								{ 	"model": "block/rail/powered/off/raised/ne/4", "y": 90 , "weight": 1 },
								{ 	"model": "block/rail/powered/off/raised/ne/5", "y": 90 , "weight": 1 },
								{ 	"model": "block/rail/powered/off/raised/ne/6", "y": 90 , "weight": 1 },
								{ 	"model": "block/rail/powered/off/raised/ne/7", "y": 90 , "weight": 1 },
								{ 	"model": "block/rail/powered/off/raised/ne/8", "y": 90 , "weight": 1 },
								{ 	"model": "block/rail/powered/off/raised/ne/9", "y": 90 , "weight": 1 },
								{ 	"model": "block/rail/powered/off/raised/ne/10", "y": 90 , "weight": 1 },
								{ 	"model": "block/rail/powered/off/raised/ne/11", "y": 90 , "weight": 1 },
								{ 	"model": "block/rail/powered/off/raised/ne/12", "y": 90 , "weight": 1 },
								{ 	"model": "block/rail/powered/off/raised/ne/13", "y": 90 , "weight": 1 },
								{ 	"model": "block/rail/powered/off/raised/ne/14", "y": 90 , "weight": 1 },
								{ 	"model": "block/rail/powered/off/raised/ne/15", "y": 90 , "weight": 1 },
								{ 	"model": "block/rail/powered/off/raised/ne/16", "y": 90 , "weight": 1 },
								{ 	"model": "block/rail/powered/off/raised/ne/17", "y": 90 , "weight": 1 }],
            "powered=false,shape=ascending_west":[ { "model": "block/rail/powered/off/sw/0", "y": 90 , "weight": 1 },
								{ 	"model": "block/rail/powered/off/raised/sw/1", "y": 90 , "weight": 1 },
								{ 	"model": "block/rail/powered/off/raised/sw/2", "y": 90 , "weight": 1 },
								{ 	"model": "block/rail/powered/off/raised/sw/3", "y": 90 , "weight": 1 },
								{ 	"model": "block/rail/powered/off/raised/sw/4", "y": 90 , "weight": 1 },
								{ 	"model": "block/rail/powered/off/raised/sw/5", "y": 90 , "weight": 1 },
								{ 	"model": "block/rail/powered/off/raised/sw/6", "y": 90 , "weight": 1 },
								{ 	"model": "block/rail/powered/off/raised/sw/7", "y": 90 , "weight": 1 },
								{ 	"model": "block/rail/powered/off/raised/sw/8", "y": 90 , "weight": 1 },
								{ 	"model": "block/rail/powered/off/raised/sw/9", "y": 90 , "weight": 1 },
								{ 	"model": "block/rail/powered/off/raised/sw/10", "y": 90 , "weight": 1 },
								{ 	"model": "block/rail/powered/off/raised/sw/11", "y": 90 , "weight": 1 },
								{ 	"model": "block/rail/powered/off/raised/sw/12", "y": 90 , "weight": 1 },
								{ 	"model": "block/rail/powered/off/raised/sw/13", "y": 90 , "weight": 1 },
								{ 	"model": "block/rail/powered/off/raised/sw/14", "y": 90 , "weight": 1 },
								{ 	"model": "block/rail/powered/off/raised/sw/15", "y": 90 , "weight": 1 },
								{ 	"model": "block/rail/powered/off/raised/sw/16", "y": 90 , "weight": 1 },
								{ 	"model": "block/rail/powered/off/raised/sw/17", "y": 90 , "weight": 1 }],
            "powered=false,shape=ascending_north":[ { "model": "block/rail/powered/off/ne/0", "weight": 1 },
								{ 	"model": "block/rail/powered/off/raised/ne/1", "weight": 1 },
								{ 	"model": "block/rail/powered/off/raised/ne/2", "weight": 1 },
								{ 	"model": "block/rail/powered/off/raised/ne/3", "weight": 1 },
								{ 	"model": "block/rail/powered/off/raised/ne/4", "weight": 1 },
								{ 	"model": "block/rail/powered/off/raised/ne/5", "weight": 1 },
								{ 	"model": "block/rail/powered/off/raised/ne/6", "weight": 1 },
								{ 	"model": "block/rail/powered/off/raised/ne/7", "weight": 1 },
								{ 	"model": "block/rail/powered/off/raised/ne/8", "weight": 1 },
								{ 	"model": "block/rail/powered/off/raised/ne/9", "weight": 1 },
								{ 	"model": "block/rail/powered/off/raised/ne/10", "weight": 1 },
								{ 	"model": "block/rail/powered/off/raised/ne/11", "weight": 1 },
								{ 	"model": "block/rail/powered/off/raised/ne/12", "weight": 1 },
								{ 	"model": "block/rail/powered/off/raised/ne/13", "weight": 1 },
								{ 	"model": "block/rail/powered/off/raised/ne/14", "weight": 1 },
								{ 	"model": "block/rail/powered/off/raised/ne/15", "weight": 1 },
								{ 	"model": "block/rail/powered/off/raised/ne/16", "weight": 1 },
								{ 	"model": "block/rail/powered/off/raised/ne/17", "weight": 1 }],
            "powered=false,shape=ascending_south":[ { "model": "block/rail/powered/off/sw/0", "weight": 1 },
								{ 	"model": "block/rail/powered/off/raised/sw/1", "weight": 1 },
								{ 	"model": "block/rail/powered/off/raised/sw/2", "weight": 1 },
								{ 	"model": "block/rail/powered/off/raised/sw/3", "weight": 1 },
								{ 	"model": "block/rail/powered/off/raised/sw/4", "weight": 1 },
								{ 	"model": "block/rail/powered/off/raised/sw/5", "weight": 1 },
								{ 	"model": "block/rail/powered/off/raised/sw/6", "weight": 1 },
								{ 	"model": "block/rail/powered/off/raised/sw/7", "weight": 1 },
								{ 	"model": "block/rail/powered/off/raised/sw/8", "weight": 1 },
								{ 	"model": "block/rail/powered/off/raised/sw/9", "weight": 1 },
								{ 	"model": "block/rail/powered/off/raised/sw/10", "weight": 1 },
								{ 	"model": "block/rail/powered/off/raised/sw/11", "weight": 1 },
								{ 	"model": "block/rail/powered/off/raised/sw/12", "weight": 1 },
								{ 	"model": "block/rail/powered/off/raised/sw/13", "weight": 1 },
								{ 	"model": "block/rail/powered/off/raised/sw/14", "weight": 1 },
								{ 	"model": "block/rail/powered/off/raised/sw/15", "weight": 1 },
								{ 	"model": "block/rail/powered/off/raised/sw/16", "weight": 1 },
								{ 	"model": "block/rail/powered/off/raised/sw/17", "weight": 1 }],
            "powered=true,shape=north_south":[ { "model": "block/rail/powered/on/flat/0", "weight": 1 },
								{ 	"model": "block/rail/powered/on/flat/1", "weight": 1 },
								{ 	"model": "block/rail/powered/on/flat/2", "weight": 1 },
								{ 	"model": "block/rail/powered/on/flat/3", "weight": 1 },
								{ 	"model": "block/rail/powered/on/flat/4", "weight": 1 },
								{ 	"model": "block/rail/powered/on/flat/5", "weight": 1 },
								{ 	"model": "block/rail/powered/on/flat/6", "weight": 1 },
								{ 	"model": "block/rail/powered/on/flat/7", "weight": 1 },
								{ 	"model": "block/rail/powered/on/flat/8", "weight": 1 },
								{ 	"model": "block/rail/powered/on/flat/9", "weight": 1 },
								{ 	"model": "block/rail/powered/on/flat/10", "weight": 1 },
								{ 	"model": "block/rail/powered/on/flat/11", "weight": 1 },
								{ 	"model": "block/rail/powered/on/flat/12", "weight": 1 },
								{ 	"model": "block/rail/powered/on/flat/13", "weight": 1 },
								{ 	"model": "block/rail/powered/on/flat/14", "weight": 1 },
								{ 	"model": "block/rail/powered/on/flat/15", "weight": 1 },
								{ 	"model": "block/rail/powered/on/flat/16", "weight": 1 },
								{ 	"model": "block/rail/powered/on/flat/17", "weight": 1 }],
            "powered=true,shape=east_west":[ { 	"model": "block/rail/powered/on/flat/0", "y": 90 , "weight": 1 },
								{ 	"model": "block/rail/powered/on/flat/1", "y": 90 , "weight": 1 },
								{ 	"model": "block/rail/powered/on/flat/2", "y": 90 , "weight": 1 },
								{ 	"model": "block/rail/powered/on/flat/3", "y": 90 , "weight": 1 },
								{ 	"model": "block/rail/powered/on/flat/4", "y": 90 , "weight": 1 },
								{ 	"model": "block/rail/powered/on/flat/5", "y": 90 , "weight": 1 },
								{ 	"model": "block/rail/powered/on/flat/6", "y": 90 , "weight": 1 },
								{ 	"model": "block/rail/powered/on/flat/7", "y": 90 , "weight": 1 },
								{ 	"model": "block/rail/powered/on/flat/8", "y": 90 , "weight": 1 },
								{ 	"model": "block/rail/powered/on/flat/9", "y": 90 , "weight": 1 },
								{ 	"model": "block/rail/powered/on/flat/10", "y": 90 , "weight": 1 },
								{ 	"model": "block/rail/powered/on/flat/11", "y": 90 , "weight": 1 },
								{ 	"model": "block/rail/powered/on/flat/12", "y": 90 , "weight": 1 },
								{ 	"model": "block/rail/powered/on/flat/13", "y": 90 , "weight": 1 },
								{ 	"model": "block/rail/powered/on/flat/14", "y": 90 , "weight": 1 },
								{ 	"model": "block/rail/powered/on/flat/15", "y": 90 , "weight": 1 },
								{ 	"model": "block/rail/powered/on/flat/16", "y": 90 , "weight": 1 },
								{ 	"model": "block/rail/powered/on/flat/17", "y": 90 , "weight": 1 }],
            "powered=true,shape=ascending_east":[ { "model": "block/rail/powered/on/ne/0", "y": 90 , "weight": 1 },
								{ 	"model": "block/rail/powered/on/raised/ne/1", "y": 90 , "weight": 1 },
								{ 	"model": "block/rail/powered/on/raised/ne/2", "y": 90 , "weight": 1 },
								{ 	"model": "block/rail/powered/on/raised/ne/3", "y": 90 , "weight": 1 },
								{ 	"model": "block/rail/powered/on/raised/ne/4", "y": 90 , "weight": 1 },
								{ 	"model": "block/rail/powered/on/raised/ne/5", "y": 90 , "weight": 1 },
								{ 	"model": "block/rail/powered/on/raised/ne/6", "y": 90 , "weight": 1 },
								{ 	"model": "block/rail/powered/on/raised/ne/7", "y": 90 , "weight": 1 },
								{ 	"model": "block/rail/powered/on/raised/ne/8", "y": 90 , "weight": 1 },
								{ 	"model": "block/rail/powered/on/raised/ne/9", "y": 90 , "weight": 1 },
								{ 	"model": "block/rail/powered/on/raised/ne/10", "y": 90 , "weight": 1 },
								{ 	"model": "block/rail/powered/on/raised/ne/11", "y": 90 , "weight": 1 },
								{ 	"model": "block/rail/powered/on/raised/ne/12", "y": 90 , "weight": 1 },
								{ 	"model": "block/rail/powered/on/raised/ne/13", "y": 90 , "weight": 1 },
								{ 	"model": "block/rail/powered/on/raised/ne/14", "y": 90 , "weight": 1 },
								{ 	"model": "block/rail/powered/on/raised/ne/15", "y": 90 , "weight": 1 },
								{ 	"model": "block/rail/powered/on/raised/ne/16", "y": 90 , "weight": 1 },
								{ 	"model": "block/rail/powered/on/raised/ne/17", "y": 90 , "weight": 1 }],
            "powered=true,shape=ascending_west":[ { "model": "block/rail/powered/on/sw/0", "y": 90 , "weight": 1 },
								{ 	"model": "block/rail/powered/on/raised/sw/1", "y": 90 , "weight": 1 },
								{ 	"model": "block/rail/powered/on/raised/sw/2", "y": 90 , "weight": 1 },
								{ 	"model": "block/rail/powered/on/raised/sw/3", "y": 90 , "weight": 1 },
								{ 	"model": "block/rail/powered/on/raised/sw/4", "y": 90 , "weight": 1 },
								{ 	"model": "block/rail/powered/on/raised/sw/5", "y": 90 , "weight": 1 },
								{ 	"model": "block/rail/powered/on/raised/sw/6", "y": 90 , "weight": 1 },
								{ 	"model": "block/rail/powered/on/raised/sw/7", "y": 90 , "weight": 1 },
								{ 	"model": "block/rail/powered/on/raised/sw/8", "y": 90 , "weight": 1 },
								{ 	"model": "block/rail/powered/on/raised/sw/9", "y": 90 , "weight": 1 },
								{ 	"model": "block/rail/powered/on/raised/sw/10", "y": 90 , "weight": 1 },
								{ 	"model": "block/rail/powered/on/raised/sw/11", "y": 90 , "weight": 1 },
								{ 	"model": "block/rail/powered/on/raised/sw/12", "y": 90 , "weight": 1 },
								{ 	"model": "block/rail/powered/on/raised/sw/13", "y": 90 , "weight": 1 },
								{ 	"model": "block/rail/powered/on/raised/sw/14", "y": 90 , "weight": 1 },
								{ 	"model": "block/rail/powered/on/raised/sw/15", "y": 90 , "weight": 1 },
								{ 	"model": "block/rail/powered/on/raised/sw/16", "y": 90 , "weight": 1 },
								{ 	"model": "block/rail/powered/on/raised/sw/17", "y": 90 , "weight": 1 }],
            "powered=true,shape=ascending_north":[ { "model": "block/rail/powered/on/ne/0", "weight": 1 },
								{ 	"model": "block/rail/powered/on/raised/ne/1", "weight": 1 },
								{ 	"model": "block/rail/powered/on/raised/ne/2", "weight": 1 },
								{ 	"model": "block/rail/powered/on/raised/ne/3", "weight": 1 },
								{ 	"model": "block/rail/powered/on/raised/ne/4", "weight": 1 },
								{ 	"model": "block/rail/powered/on/raised/ne/5", "weight": 1 },
								{ 	"model": "block/rail/powered/on/raised/ne/6", "weight": 1 },
								{ 	"model": "block/rail/powered/on/raised/ne/7", "weight": 1 },
								{ 	"model": "block/rail/powered/on/raised/ne/8", "weight": 1 },
								{ 	"model": "block/rail/powered/on/raised/ne/9", "weight": 1 },
								{ 	"model": "block/rail/powered/on/raised/ne/10", "weight": 1 },
								{ 	"model": "block/rail/powered/on/raised/ne/11", "weight": 1 },
								{ 	"model": "block/rail/powered/on/raised/ne/12", "weight": 1 },
								{ 	"model": "block/rail/powered/on/raised/ne/13", "weight": 1 },
								{ 	"model": "block/rail/powered/on/raised/ne/14", "weight": 1 },
								{ 	"model": "block/rail/powered/on/raised/ne/15", "weight": 1 },
								{ 	"model": "block/rail/powered/on/raised/ne/16", "weight": 1 },
								{ 	"model": "block/rail/powered/on/raised/ne/17", "weight": 1 }],
            "powered=true,shape=ascending_south":[ { "model": "block/rail/powered/on/sw/0", "weight": 1 },
								{ 	"model": "block/rail/powered/on/raised/sw/1", "weight": 1 },
								{ 	"model": "block/rail/powered/on/raised/sw/2", "weight": 1 },
								{ 	"model": "block/rail/powered/on/raised/sw/3", "weight": 1 },
								{ 	"model": "block/rail/powered/on/raised/sw/4", "weight": 1 },
								{ 	"model": "block/rail/powered/on/raised/sw/5", "weight": 1 },
								{ 	"model": "block/rail/powered/on/raised/sw/6", "weight": 1 },
								{ 	"model": "block/rail/powered/on/raised/sw/7", "weight": 1 },
								{ 	"model": "block/rail/powered/on/raised/sw/8", "weight": 1 },
								{ 	"model": "block/rail/powered/on/raised/sw/9", "weight": 1 },
								{ 	"model": "block/rail/powered/on/raised/sw/10", "weight": 1 },
								{ 	"model": "block/rail/powered/on/raised/sw/11", "weight": 1 },
								{ 	"model": "block/rail/powered/on/raised/sw/12", "weight": 1 },
								{ 	"model": "block/rail/powered/on/raised/sw/13", "weight": 1 },
								{ 	"model": "block/rail/powered/on/raised/sw/14", "weight": 1 },
								{ 	"model": "block/rail/powered/on/raised/sw/15", "weight": 1 },
								{ 	"model": "block/rail/powered/on/raised/sw/16", "weight": 1 },
								{ 	"model": "block/rail/powered/on/raised/sw/17", "weight": 1 }]
    }
}

