{
"__comment":"Made by Know2Good, part of the 'Default 3D' resource pack || Official download page: http://www.planetminecraft.com/texture_pack/default-3d-2985741/ || © Know2Good. All rights reserved. ",
    "variants": {
            "shape=north_south":[ { "model": "block/rail/normal/flat/0", "weight": 1 },
								{ 	"model": "block/rail/normal/flat/1", "weight": 1 },
								{ 	"model": "block/rail/normal/flat/2", "weight": 1 },
								{ 	"model": "block/rail/normal/flat/3", "weight": 1 },
								{ 	"model": "block/rail/normal/flat/4", "weight": 1 },
								{ 	"model": "block/rail/normal/flat/5", "weight": 1 },
								{ 	"model": "block/rail/normal/flat/6", "weight": 1 },
								{ 	"model": "block/rail/normal/flat/7", "weight": 1 },
								{ 	"model": "block/rail/normal/flat/8", "weight": 1 },
								{ 	"model": "block/rail/normal/flat/9", "weight": 1 },
								{ 	"model": "block/rail/normal/flat/10", "weight": 1 },
								{ 	"model": "block/rail/normal/flat/11", "weight": 1 },
								{ 	"model": "block/rail/normal/flat/12", "weight": 1 },
								{ 	"model": "block/rail/normal/flat/13", "weight": 1 },
								{ 	"model": "block/rail/normal/flat/14", "weight": 1 },
								{ 	"model": "block/rail/normal/flat/15", "weight": 1 },
								{ 	"model": "block/rail/normal/flat/16", "weight": 1 },
								{ 	"model": "block/rail/normal/flat/17", "weight": 1 }],
            "shape=east_west":[ { 	"model": "block/rail/normal/flat/0", "y": 90 , "weight": 1 },
								{ 	"model": "block/rail/normal/flat/1", "y": 90 , "weight": 1 },
								{ 	"model": "block/rail/normal/flat/2", "y": 90 , "weight": 1 },
								{ 	"model": "block/rail/normal/flat/3", "y": 90 , "weight": 1 },
								{ 	"model": "block/rail/normal/flat/4", "y": 90 , "weight": 1 },
								{ 	"model": "block/rail/normal/flat/5", "y": 90 , "weight": 1 },
								{ 	"model": "block/rail/normal/flat/6", "y": 90 , "weight": 1 },
								{ 	"model": "block/rail/normal/flat/7", "y": 90 , "weight": 1 },
								{ 	"model": "block/rail/normal/flat/8", "y": 90 , "weight": 1 },
								{ 	"model": "block/rail/normal/flat/9", "y": 90 , "weight": 1 },
								{ 	"model": "block/rail/normal/flat/10", "y": 90 , "weight": 1 },
								{ 	"model": "block/rail/normal/flat/11", "y": 90 , "weight": 1 },
								{ 	"model": "block/rail/normal/flat/12", "y": 90 , "weight": 1 },
								{ 	"model": "block/rail/normal/flat/13", "y": 90 , "weight": 1 },
								{ 	"model": "block/rail/normal/flat/14", "y": 90 , "weight": 1 },
								{ 	"model": "block/rail/normal/flat/15", "y": 90 , "weight": 1 },
								{ 	"model": "block/rail/normal/flat/16", "y": 90 , "weight": 1 },
								{ 	"model": "block/rail/normal/flat/17", "y": 90 , "weight": 1 }],
            "shape=ascending_east":[ { "model": "block/rail/normal/raised/ne/0", "y": 90 , "weight": 1 },
								{ 	"model": "block/rail/normal/raised/ne/1", "y": 90 , "weight": 1 },
								{ 	"model": "block/rail/normal/raised/ne/2", "y": 90 , "weight": 1 },
								{ 	"model": "block/rail/normal/raised/ne/3", "y": 90 , "weight": 1 },
								{ 	"model": "block/rail/normal/raised/ne/4", "y": 90 , "weight": 1 },
								{ 	"model": "block/rail/normal/raised/ne/5", "y": 90 , "weight": 1 },
								{ 	"model": "block/rail/normal/raised/ne/6", "y": 90 , "weight": 1 },
								{ 	"model": "block/rail/normal/raised/ne/7", "y": 90 , "weight": 1 },
								{ 	"model": "block/rail/normal/raised/ne/8", "y": 90 , "weight": 1 },
								{ 	"model": "block/rail/normal/raised/ne/9", "y": 90 , "weight": 1 },
								{ 	"model": "block/rail/normal/raised/ne/10", "y": 90 , "weight": 1 },
								{ 	"model": "block/rail/normal/raised/ne/11", "y": 90 , "weight": 1 },
								{ 	"model": "block/rail/normal/raised/ne/12", "y": 90 , "weight": 1 },
								{ 	"model": "block/rail/normal/raised/ne/13", "y": 90 , "weight": 1 },
								{ 	"model": "block/rail/normal/raised/ne/14", "y": 90 , "weight": 1 },
								{ 	"model": "block/rail/normal/raised/ne/15", "y": 90 , "weight": 1 },
								{ 	"model": "block/rail/normal/raised/ne/16", "y": 90 , "weight": 1 },
								{ 	"model": "block/rail/normal/raised/ne/17", "y": 90 , "weight": 1 }],
            "shape=ascending_west":[ { "model": "block/rail/normal/raised/ne/0", "y": 90 , "weight": 1 },
								{ 	"model": "block/rail/normal/raised/sw/1", "y": 90 , "weight": 1 },
								{ 	"model": "block/rail/normal/raised/sw/2", "y": 90 , "weight": 1 },
								{ 	"model": "block/rail/normal/raised/sw/3", "y": 90 , "weight": 1 },
								{ 	"model": "block/rail/normal/raised/sw/4", "y": 90 , "weight": 1 },
								{ 	"model": "block/rail/normal/raised/sw/5", "y": 90 , "weight": 1 },
								{ 	"model": "block/rail/normal/raised/sw/6", "y": 90 , "weight": 1 },
								{ 	"model": "block/rail/normal/raised/sw/7", "y": 90 , "weight": 1 },
								{ 	"model": "block/rail/normal/raised/sw/8", "y": 90 , "weight": 1 },
								{ 	"model": "block/rail/normal/raised/sw/9", "y": 90 , "weight": 1 },
								{ 	"model": "block/rail/normal/raised/sw/10", "y": 90 , "weight": 1 },
								{ 	"model": "block/rail/normal/raised/sw/11", "y": 90 , "weight": 1 },
								{ 	"model": "block/rail/normal/raised/sw/12", "y": 90 , "weight": 1 },
								{ 	"model": "block/rail/normal/raised/sw/13", "y": 90 , "weight": 1 },
								{ 	"model": "block/rail/normal/raised/sw/14", "y": 90 , "weight": 1 },
								{ 	"model": "block/rail/normal/raised/sw/15", "y": 90 , "weight": 1 },
								{ 	"model": "block/rail/normal/raised/sw/16", "y": 90 , "weight": 1 },
								{ 	"model": "block/rail/normal/raised/sw/17", "y": 90 , "weight": 1 }],
            "shape=ascending_north":[ { "model": "block/rail/normal/raised/ne/0", "weight": 1 },
								{ 	"model": "block/rail/normal/raised/ne/1", "weight": 1 },
								{ 	"model": "block/rail/normal/raised/ne/2", "weight": 1 },
								{ 	"model": "block/rail/normal/raised/ne/3", "weight": 1 },
								{ 	"model": "block/rail/normal/raised/ne/4", "weight": 1 },
								{ 	"model": "block/rail/normal/raised/ne/5", "weight": 1 },
								{ 	"model": "block/rail/normal/raised/ne/6", "weight": 1 },
								{ 	"model": "block/rail/normal/raised/ne/7", "weight": 1 },
								{ 	"model": "block/rail/normal/raised/ne/8", "weight": 1 },
								{ 	"model": "block/rail/normal/raised/ne/9", "weight": 1 },
								{ 	"model": "block/rail/normal/raised/ne/10", "weight": 1 },
								{ 	"model": "block/rail/normal/raised/ne/11", "weight": 1 },
								{ 	"model": "block/rail/normal/raised/ne/12", "weight": 1 },
								{ 	"model": "block/rail/normal/raised/ne/13", "weight": 1 },
								{ 	"model": "block/rail/normal/raised/ne/14", "weight": 1 },
								{ 	"model": "block/rail/normal/raised/ne/15", "weight": 1 },
								{ 	"model": "block/rail/normal/raised/ne/16", "weight": 1 },
								{ 	"model": "block/rail/normal/raised/ne/17", "weight": 1 }],
            "shape=ascending_south":[ { "model": "block/rail/normal/raised/ne/0", "weight": 1 },
								{ 	"model": "block/rail/normal/raised/sw/1", "weight": 1 },
								{ 	"model": "block/rail/normal/raised/sw/2", "weight": 1 },
								{ 	"model": "block/rail/normal/raised/sw/3", "weight": 1 },
								{ 	"model": "block/rail/normal/raised/sw/4", "weight": 1 },
								{ 	"model": "block/rail/normal/raised/sw/5", "weight": 1 },
								{ 	"model": "block/rail/normal/raised/sw/6", "weight": 1 },
								{ 	"model": "block/rail/normal/raised/sw/7", "weight": 1 },
								{ 	"model": "block/rail/normal/raised/sw/8", "weight": 1 },
								{ 	"model": "block/rail/normal/raised/sw/9", "weight": 1 },
								{ 	"model": "block/rail/normal/raised/sw/10", "weight": 1 },
								{ 	"model": "block/rail/normal/raised/sw/11", "weight": 1 },
								{ 	"model": "block/rail/normal/raised/sw/12", "weight": 1 },
								{ 	"model": "block/rail/normal/raised/sw/13", "weight": 1 },
								{ 	"model": "block/rail/normal/raised/sw/14", "weight": 1 },
								{ 	"model": "block/rail/normal/raised/sw/15", "weight": 1 },
								{ 	"model": "block/rail/normal/raised/sw/16", "weight": 1 },
								{ 	"model": "block/rail/normal/raised/sw/17", "weight": 1 }],
            "shape=south_east":[ { "model": "block/rail/curved/0", "weight": 1 }],
            "shape=south_west":[ { "model": "block/rail/curved/0", "y": 90 , "weight": 1 }],
			"shape=north_west":[ { "model": "block/rail/curved/0", "y": 180 , "weight": 1 }],
			"shape=north_east":[ { "model": "block/rail/curved/0", "y": 270 , "weight": 1 }]
    }
}

