{
"__comment":"Made by Know2Good, part of the 'Default 3D' resource pack || Official download page: http://www.planetminecraft.com/texture_pack/default-3d-2985741/ || © Know2Good. All rights reserved. ",
"__comment":"OK",

"parent": "block/generic_block",

"textures": {
	"main": 	"know2good/blocks/animal/sponge/dry/11/main",
	"north": 	"know2good/blocks/animal/sponge/dry/11/north",
	"east": 	"know2good/blocks/animal/sponge/dry/11/east",
	"south": 	"know2good/blocks/animal/sponge/dry/11/south",
	"west": 	"know2good/blocks/animal/sponge/dry/11/west",
	"particle": "know2good/blocks/animal/sponge/dry/11/main"
    }
}